Date,Flight Name,Stops,Price,Duration,Departure-Time,Arrival-Time
2024-10-30,"Aer Lingus, Cathay Pacific",2 stops,€893,40h 35m,17:15,20:50+2
2024-10-30,"Aer Lingus, Cathay Pacific",2 stops,€893,40h 35m,17:15,20:50+2
2024-10-30,SWISS,2 stops,"€1,322",25h 35m,18:40,07:15+2
2024-10-30,Qantas Airways,1 stop,"€1,839",23h 10m,20:50,07:00+2
2024-10-30,Air France,2 stops,"€1,163",33h 55m,16:40,13:35+2
2024-10-30,Lufthansa,2 stops,"€1,347",26h 50m,17:25,07:15+2
2024-10-30,"Lufthansa, Cathay Pacific",2 stops,"€1,392",26h 50m,17:25,07:15+2
2024-10-30,"Lufthansa, Qantas Airways",2 stops,"€1,387",27h 05m,17:25,07:30+2
2024-10-30,"SWISS, Qantas Airways",2 stops,"€1,321",25h 50m,18:40,07:30+2
2024-10-30,Emirates,1 stop,"€2,023",23h 10m,20:50,07:00+2
2024-10-30,"SWISS, Scoot",3 stops,"€1,110",31h 10m,18:40,12:50+2
2024-10-30,"Emirates, Qantas Airways",1 stop,"€2,041",23h 10m,20:50,07:00+2
2024-10-30,Turkish Airlines,2 stops,"€1,450",29h 45m,16:55,09:40+2
2024-10-30,"Turkish Airlines, Qantas Airways",2 stops,"€1,586",27h 35m,16:55,07:30+2
2024-10-30,Qantas Airways,1 stop,"€1,795",34h 45m,20:50,18:35+2
2024-10-30,"Aer Lingus, Malaysia Airlines",2 stops,"€1,231",37h 50m,19:45,20:35+2
2024-10-31,"Aer Lingus, Cathay Pacific",2 stops,"€1,008",27h 45m,16:30,07:15+2
2024-10-31,"Aer Lingus, China Eastern",2 stops,€702,30h 30m,16:30,10:00+2
2024-10-31,Multiple Airlines,3 stops,€660,57h 10m,13:05,09:15+3
2024-10-31,"Aer Lingus, Cathay Pacific",2 stops,€894,27h 35m,06:15,20:50+1
2024-10-31,"Aer Lingus, China Eastern",2 stops,€683,33h 55m,13:05,10:00+2
2024-10-31,"Aer Lingus, China Eastern",2 stops,€722,32h 45m,14:15,10:00+2
2024-10-31,"Aer Lingus, Cathay Pacific",2 stops,"€1,004",27h 45m,16:30,07:15+2
2024-10-31,"Aer Lingus, Malaysia Airlines",2 stops,"€1,019",26h 55m,06:40,20:35+1
2024-10-31,"Emirates, Qantas Airways",1 stop,"€1,443",23h 10m,20:50,07:00+2
2024-10-31,Qantas Airways,1 stop,"€1,443",23h 10m,20:50,07:00+2
2024-10-31,Emirates,1 stop,"€1,443",23h 10m,20:50,07:00+2
2024-10-31,United Airlines,2 stops,€872,33h 25m,11:50,08:15+2
2024-10-31,United Airlines,2 stops,€872,33h 25m,11:50,08:15+2
2024-10-31,United Airlines,2 stops,€872,33h 25m,11:50,08:15+2
2024-10-31,"British Airways, China Eastern",2 stops,€879,31h 00m,16:00,10:00+2
2024-10-31,Emirates,1 stop,"€1,342",30h 50m,13:10,07:00+2
2024-10-31,Multiple Airlines,3 stops,€780,33h 30m,13:05,09:35+2
2024-11-01,Qatar Airways,2 stops,"€2,432",31h 15m,14:10,08:25+2
2024-11-01,Qantas Airways,1 stop,"€1,628",23h 10m,20:50,07:00+2
2024-11-01,Finnair,2 stops,"€1,255",61h 45m,18:05,18:50+3
2024-11-01,"Emirates, Qantas Airways",1 stop,"€1,628",23h 10m,20:50,07:00+2
2024-11-01,SWISS,2 stops,"€1,303",31h 30m,12:45,07:15+2
2024-11-01,British Airways,2 stops,"€1,446",26h 10m,18:15,07:25+2
2024-11-01,Finnair,2 stops,"€1,434",28h 30m,18:05,09:35+2
2024-11-01,"British Airways, Malaysia Airlines",2 stops,"€1,342",31h 20m,16:00,10:20+2
2024-11-01,British Airways,2 stops,"€1,449",27h 55m,16:30,07:25+2
2024-11-01,Lufthansa,2 stops,"€1,324",32h 25m,11:50,07:15+2
2024-11-01,Qantas Airways,1 stop,"€1,462",38h 40m,20:50,22:30+2
2024-11-01,Qantas Airways,1 stop,"€2,056",22h 20m,13:10,22:30+1
2024-11-01,"Emirates, Qantas Airways",1 stop,"€1,628",30h 50m,13:10,07:00+2
2024-11-01,Finnair,2 stops,"€1,434",30h 55m,18:05,12:00+2
2024-11-01,British Airways,2 stops,"€1,621",25h 40m,18:15,06:55+2
2024-11-01,Lufthansa,2 stops,"€1,324",35h 45m,08:30,07:15+2
2024-11-01,Qantas Airways,1 stop,"€1,628",30h 50m,13:10,07:00+2
2024-11-02,Finnair,2 stops,"€1,230",36h 50m,09:45,09:35+2
2024-11-02,Qantas Airways,1 stop,"€1,462",22h 20m,13:10,22:30+1
2024-11-02,Multiple Airlines,3 stops,€761,43h 30m,07:05,13:35+2
2024-11-02,"Emirates, Qantas Airways",1 stop,"€1,468",22h 20m,13:10,22:30+1
2024-11-02,SWISS,2 stops,"€1,303",25h 35m,18:40,07:15+2
2024-11-02,"SWISS, Qantas Airways",2 stops,"€1,211",25h 50m,18:40,07:30+2
2024-11-02,"Emirates, Qantas Airways",1 stop,"€1,337",34h 45m,20:50,18:35+2
2024-11-02,Multiple Airlines,3 stops,€908,36h 00m,12:55,11:55+2
2024-11-02,Finnair,2 stops,"€1,198",36h 50m,09:45,09:35+2
2024-11-02,Qantas Airways,1 stop,"€1,365",34h 45m,20:50,18:35+2
2024-11-02,Multiple Airlines,3 stops,€782,43h 55m,06:40,13:35+2
2024-11-02,Qantas Airways,1 stop,"€1,789",23h 10m,20:50,07:00+2
2024-11-02,"SWISS, Cathay Pacific",2 stops,"€1,366",25h 35m,18:40,07:15+2
2024-11-02,"Emirates, Qantas Airways",1 stop,"€1,789",23h 10m,20:50,07:00+2
2024-11-02,Finnair,2 stops,"€1,198",39h 15m,09:45,12:00+2
2024-11-02,SWISS,2 stops,"€1,303",31h 20m,12:55,07:15+2
2024-11-02,Qantas Airways,2 stops,"€1,499",26h 50m,20:50,10:40+2
2024-11-03,KLM,2 stops,"€1,310",31h 05m,13:25,07:30+2
2024-11-03,Qantas Airways,1 stop,"€1,603",22h 20m,13:10,22:30+1
2024-11-03,Multiple Airlines,3 stops,€906,47h 05m,23:10,09:15+3
2024-11-03,"Emirates, Qantas Airways",1 stop,"€1,603",22h 20m,13:10,22:30+1
2024-11-03,"SWISS, Qantas Airways",2 stops,"€1,494",25h 50m,18:40,07:30+2
2024-11-03,Qantas Airways,2 stops,"€1,574",26h 05m,20:50,09:55+2
2024-11-03,Qantas Airways,2 stops,"€1,575",26h 35m,20:50,10:25+2
2024-11-03,Qantas Airways,2 stops,"€1,575",26h 50m,20:50,10:40+2
2024-11-03,KLM,2 stops,"€1,310",31h 05m,13:25,07:30+2
2024-11-03,Qantas Airways,2 stops,"€1,575",27h 05m,20:50,10:55+2
2024-11-03,Qantas Airways,2 stops,"€1,575",27h 35m,20:50,11:25+2
2024-11-03,Etihad Airways,2 stops,"€1,684",25h 00m,08:25,20:25+1
2024-11-03,Qantas Airways,2 stops,"€1,575",28h 05m,20:50,11:55+2
2024-11-03,Etihad Airways,2 stops,"€1,684",25h 30m,08:25,20:55+1
2024-11-03,British Airways,2 stops,"€1,596",28h 05m,15:50,06:55+2
2024-11-03,Etihad Airways,2 stops,"€1,684",26h 30m,08:25,21:55+1
2024-11-03,Qantas Airways,1 stop,"€2,021",23h 10m,20:50,07:00+2
2024-11-04,"British Airways, Malaysia Airlines",2 stops,€888,37h 25m,20:10,20:35+2
2024-11-04,British Airways,2 stops,"€1,027",26h 05m,17:50,06:55+2
2024-11-04,Multiple Airlines,3 stops,€778,35h 05m,15:30,13:35+2
2024-11-04,"Emirates, Qantas Airways",1 stop,"€1,313",22h 20m,13:10,22:30+1
2024-11-04,British Airways,2 stops,"€1,027",27h 55m,16:00,06:55+2
2024-11-04,Qantas Airways,1 stop,"€1,341",22h 20m,13:10,22:30+1
2024-11-04,Qantas Airways,1 stop,"€1,341",23h 10m,20:50,07:00+2
2024-11-04,"Emirates, Qantas Airways",1 stop,"€1,345",23h 10m,20:50,07:00+2
2024-11-04,British Airways,2 stops,"€1,068",27h 55m,16:00,06:55+2
2024-11-04,Air France,2 stops,"€1,091",26h 50m,16:40,06:30+2
2024-11-04,British Airways,2 stops,"€1,063",28h 25m,15:30,06:55+2
2024-11-04,Air France,2 stops,"€1,116",27h 45m,16:40,07:25+2
2024-11-04,British Airways,2 stops,"€1,063",29h 40m,14:15,06:55+2
2024-11-04,Multiple Airlines,2 stops,"€1,327",25h 10m,10:20,22:30+1
2024-11-04,"Aer Lingus, Qantas Airways",2 stops,"€1,327",25h 10m,10:20,22:30+1
2024-11-04,Turkish Airlines,2 stops,"€1,146",30h 25m,16:55,10:20+2
2024-11-04,British Airways,2 stops,"€1,116",30h 55m,13:00,06:55+2
2024-11-05,"British Airways, Malaysia Airlines",2 stops,€846,29h 25m,17:55,10:20+2
2024-11-05,"Aer Lingus, China Eastern",2 stops,€664,32h 45m,14:15,10:00+2
2024-11-05,Multiple Airlines,3 stops,€588,54h 15m,22:10,15:25+3
2024-11-05,"Aer Lingus, Cathay Pacific",2 stops,€874,28h 05m,18:30,09:35+2
2024-11-05,"Emirates, Qantas Airways",1 stop,"€1,121",22h 20m,13:10,22:30+1
2024-11-05,"British Airways, Malaysia Airlines",2 stops,€843,29h 25m,17:55,10:20+2
2024-11-05,"Aer Lingus, China Eastern",2 stops,€701,31h 30m,15:30,10:00+2
2024-11-05,Emirates,1 stop,"€1,136",22h 20m,13:10,22:30+1
2024-11-05,Qantas Airways,1 stop,"€1,146",22h 20m,13:10,22:30+1
2024-11-05,"British Airways, China Eastern",2 stops,€714,31h 00m,16:00,10:00+2
2024-11-05,"Aer Lingus, Air China",3 stops,€622,34h 00m,18:30,15:30+2
2024-11-05,"Aer Lingus, China Eastern",2 stops,€690,32h 45m,14:15,10:00+2
2024-11-05,"Hainan Airlines, China Southern",3 stops,€634,33h 20m,11:10,07:30+2
2024-11-05,"British Airways, China Eastern",2 stops,€791,30h 05m,16:55,10:00+2
2024-11-05,"Hainan Airlines, China Southern",3 stops,€634,33h 20m,11:10,07:30+2
2024-11-05,"Aer Lingus, Malaysia Airlines",2 stops,"€1,005",26h 55m,06:40,20:35+1
2024-11-05,"Aer Lingus, Malaysia Airlines",2 stops,€885,31h 50m,15:30,10:20+2
2024-11-06,Qatar Airways,2 stops,"€1,520",26h 30m,07:55,21:25+1
2024-11-06,"Qatar Airways, XiamenAir",3 stops,€823,33h 15m,14:10,10:25+2
2024-11-06,Qantas Airways,1 stop,"€1,144",34h 45m,20:50,18:35+2
2024-11-06,"British Airways, Malaysia Airlines",2 stops,€884,37h 25m,20:10,20:35+2
2024-11-06,"Qatar Airways, AirAsia X",2 stops,€916,32h 05m,14:10,09:15+2
2024-11-06,Qantas Airways,2 stops,"€1,267",26h 05m,20:50,09:55+2
2024-11-06,"Emirates, Qantas Airways",1 stop,"€1,603",22h 20m,13:10,22:30+1
2024-11-06,Qantas Airways,1 stop,"€1,603",22h 20m,13:10,22:30+1
2024-11-06,"British Airways, Malaysia Airlines",2 stops,"€1,171",31h 20m,16:00,10:20+2
2024-11-06,"British Airways, China Airlines",2 stops,€976,38h 00m,11:10,12:10+2
2024-11-06,Qantas Airways,2 stops,"€1,295",27h 35m,20:50,11:25+2
2024-11-06,Lufthansa,2 stops,"€1,093",35h 45m,08:30,07:15+2
2024-11-06,Etihad Airways,2 stops,"€1,439",25h 00m,08:25,20:25+1
2024-11-06,"Finnair, British Airways",2 stops,"€1,147",34h 10m,09:45,06:55+2
2024-11-06,Etihad Airways,2 stops,"€1,042",38h 15m,08:25,09:40+2
2024-11-06,Etihad Airways,2 stops,"€1,042",38h 15m,08:25,09:40+2
2024-11-07,"Aer Lingus, Cathay Pacific",2 stops,€900,27h 45m,16:30,07:15+2
2024-11-07,"Aer Lingus, Cathay Pacific",2 stops,€896,27h 45m,16:30,07:15+2
2024-11-07,"Aer Lingus, Hainan Airlines",3 stops,€560,45h 25m,06:30,14:55+2
2024-11-07,Qantas Airways,1 stop,"€1,194",22h 20m,13:10,22:30+1
2024-11-07,"Aer Lingus, Cathay Pacific",2 stops,€909,28h 05m,18:30,09:35+2
2024-11-07,"Aer Lingus, Malaysia Airlines",2 stops,€936,26h 55m,06:40,20:35+1
2024-11-07,"Aer Lingus, Cathay Pacific",2 stops,€902,28h 45m,15:30,07:15+2
2024-11-07,"Aer Lingus, China Eastern",2 stops,€829,30h 30m,16:30,10:00+2
2024-11-07,Emirates,1 stop,"€1,232",23h 10m,20:50,07:00+2
2024-11-07,Qantas Airways,1 stop,"€1,244",23h 10m,20:50,07:00+2
2024-11-07,Austrian Airlines,2 stops,€869,34h 15m,11:50,09:05+2
2024-11-07,"Aer Lingus, China Eastern",2 stops,€819,31h 30m,15:30,10:00+2
2024-11-07,Austrian Airlines,2 stops,€869,34h 15m,11:50,09:05+2
2024-11-07,"Aer Lingus, Cathay Pacific",2 stops,€895,30h 00m,14:15,07:15+2
2024-11-07,"Aer Lingus, Cathay Pacific",2 stops,€895,30h 00m,14:15,07:15+2
2024-11-07,"Aer Lingus, Cathay Pacific",2 stops,€909,30h 05m,16:30,09:35+2
2024-11-07,"Emirates, Qantas Airways",1 stop,"€1,245",23h 10m,20:50,07:00+2
2024-11-08,Qantas Airways,1 stop,"€1,170",22h 20m,13:10,22:30+1
2024-11-08,"Finnair, British Airways",2 stops,"€1,147",25h 50m,18:05,06:55+2
2024-11-08,"Emirates, Qantas Airways",1 stop,"€1,171",22h 20m,13:10,22:30+1
2024-11-08,Multiple Airlines,2 stops,"€1,218",25h 10m,10:20,22:30+1
2024-11-08,KLM,3 stops,"€1,173",26h 45m,17:25,07:10+2
2024-11-08,Finnair,2 stops,"€1,198",28h 30m,18:05,09:35+2
2024-11-08,Finnair,2 stops,"€1,198",30h 55m,18:05,12:00+2
2024-11-08,Emirates,2 stops,"€1,184",31h 15m,13:10,07:25+2
2024-11-08,Finnair,2 stops,"€1,547",25h 25m,18:05,06:30+2
2024-11-08,Finnair,2 stops,"€1,547",26h 20m,18:05,07:25+2
2024-11-08,"Finnair, Qantas Airways",2 stops,"€1,604",25h 25m,18:05,06:30+2
2024-11-08,Qantas Airways,1 stop,"€1,170",34h 45m,20:50,18:35+2
2024-11-08,Qantas Airways,2 stops,"€1,597",26h 05m,20:50,09:55+2
2024-11-08,Turkish Airlines,2 stops,"€1,441",29h 50m,16:50,09:40+2
2024-11-08,Multiple Airlines,2 stops,"€1,700",25h 00m,10:30,22:30+1
2024-11-09,Qatar Airways,2 stops,"€1,554",29h 00m,14:10,06:10+2
2024-11-09,Qantas Airways,1 stop,"€1,197",22h 20m,13:10,22:30+1
2024-11-09,Multiple Airlines,3 stops,€868,34h 45m,09:45,07:30+2
2024-11-09,Qantas Airways,1 stop,"€1,197",23h 10m,20:50,07:00+2
2024-11-09,"Emirates, Qantas Airways",1 stop,"€1,229",22h 20m,13:10,22:30+1
2024-11-09,Air France,2 stops,"€1,115",26h 50m,16:40,06:30+2
2024-11-09,"Emirates, Qantas Airways",1 stop,"€1,229",23h 10m,20:50,07:00+2
2024-11-09,Air France,2 stops,"€1,115",27h 45m,16:40,07:25+2
2024-11-09,Multiple Airlines,3 stops,€868,34h 45m,09:45,07:30+2
2024-11-09,Finnair,2 stops,"€1,081",33h 45m,09:45,06:30+2
2024-11-09,Qantas Airways,1 stop,"€1,197",34h 45m,20:50,18:35+2
2024-11-09,Multiple Airlines,3 stops,€872,34h 45m,09:45,07:30+2
2024-11-09,Finnair,2 stops,"€1,084",34h 10m,09:45,06:55+2
2024-11-09,Finnair,2 stops,"€1,081",34h 40m,09:45,07:25+2
2024-11-09,Qantas Airways,1 stop,"€1,197",38h 40m,20:50,22:30+2
2024-11-09,KLM,2 stops,"€1,189",27h 10m,17:20,07:30+2
2024-11-10,KLM,2 stops,"€1,731",27h 10m,17:20,07:30+2
2024-11-10,KLM,3 stops,"€1,619",27h 05m,17:20,07:25+2
2024-11-10,KLM,3 stops,"€1,712",26h 50m,17:20,07:10+2
2024-11-10,KLM,2 stops,"€1,997",26h 10m,17:20,06:30+2
2024-11-10,KLM,2 stops,"€1,997",27h 05m,17:20,07:25+2
2024-11-10,KLM,3 stops,"€1,712",30h 45m,13:25,07:10+2
2024-11-10,KLM,2 stops,"€1,997",30h 05m,13:25,06:30+2
2024-11-11,British Airways,2 stops,"€1,037",27h 55m,16:00,06:55+2
2024-11-11,"Emirates, Qantas Airways",1 stop,"€1,121",22h 20m,13:10,22:30+1
2024-11-11,Multiple Airlines,3 stops,€610,42h 20m,08:15,13:35+2
2024-11-11,Qantas Airways,1 stop,"€1,132",22h 20m,13:10,22:30+1
2024-11-11,Qantas Airways,1 stop,"€1,146",23h 10m,20:50,07:00+2
2024-11-11,"Emirates, Qantas Airways",1 stop,"€1,146",23h 10m,20:50,07:00+2
2024-11-11,Turkish Airlines,2 stops,€902,30h 25m,16:55,10:20+2
2024-11-11,Multiple Airlines,2 stops,"€1,081",25h 10m,10:20,22:30+1
2024-11-11,"Aer Lingus, Qantas Airways",2 stops,"€1,081",25h 10m,10:20,22:30+1
2024-11-11,British Airways,2 stops,"€1,026",27h 55m,16:00,06:55+2
2024-11-11,Multiple Airlines,2 stops,"€1,178",25h 30m,18:30,07:00+2
2024-11-11,British Airways,2 stops,"€1,067",28h 25m,15:30,06:55+2
2024-11-11,British Airways,2 stops,"€1,077",28h 25m,16:00,07:25+2
2024-11-11,Etihad Airways,2 stops,"€1,178",25h 00m,08:25,20:25+1
2024-11-11,"Aer Lingus, Qantas Airways",2 stops,"€1,178",25h 30m,10:00,22:30+1
2024-11-11,Multiple Airlines,2 stops,"€1,178",25h 30m,10:00,22:30+1
2024-11-11,Etihad Airways,2 stops,"€1,178",25h 30m,08:25,20:55+1
2024-11-12,Qatar Airways,2 stops,"€1,264",27h 00m,07:55,21:55+1
2024-11-12,"Turkish Airlines, Jetstar",2 stops,€694,30h 15m,16:50,10:05+2
2024-11-12,"British Airways, China Eastern",3 stops,€596,50h 15m,20:10,09:25+3
2024-11-12,Qantas Airways,1 stop,"€1,146",22h 20m,13:10,22:30+1
2024-11-12,"Emirates, Qantas Airways",1 stop,"€1,146",22h 20m,13:10,22:30+1
2024-11-12,"British Airways, Malaysia Airlines",2 stops,€856,31h 20m,16:00,10:20+2
2024-11-12,Qantas Airways,1 stop,"€1,146",23h 10m,20:50,07:00+2
2024-11-12,Air France,2 stops,€997,26h 50m,16:40,06:30+2
2024-11-12,Turkish Airlines,2 stops,€909,30h 30m,16:50,10:20+2
2024-11-12,"British Airways, China Eastern",2 stops,€780,31h 00m,16:00,10:00+2
2024-11-12,"Emirates, Qantas Airways",1 stop,"€1,169",23h 10m,20:50,07:00+2
2024-11-12,Air France,2 stops,€997,27h 45m,16:40,07:25+2
2024-11-12,Finnair,2 stops,"€1,021",30h 55m,18:05,12:00+2
2024-11-12,British Airways,2 stops,"€1,036",26h 00m,17:55,06:55+2
2024-11-12,Qantas Airways,1 stop,"€1,146",30h 50m,13:10,07:00+2
2024-11-12,SWISS,2 stops,"€1,075",25h 35m,18:40,07:15+2
2024-11-12,Finnair,2 stops,"€1,081",25h 25m,18:05,06:30+2
2024-11-13,Qatar Airways,1 stop,"€1,123",23h 55m,07:55,18:50+1
2024-11-13,"Aer Lingus, China Eastern",2 stops,€623,31h 30m,15:30,10:00+2
2024-11-13,Multiple Airlines,3 stops,€462,41h 05m,07:25,11:30+2
2024-11-13,"Turkish Airlines, VietJet Air",2 stops,€685,28h 10m,16:55,08:05+2
2024-11-13,"Aer Lingus, China Eastern",2 stops,€607,32h 45m,14:15,10:00+2
2024-11-13,Singapore Airlines,2 stops,€891,24h 55m,19:45,07:40+2
2024-11-13,"Aer Lingus, Singapore Airlines",2 stops,€896,24h 55m,19:45,07:40+2
2024-11-13,Emirates,1 stop,"€1,101",22h 20m,13:10,22:30+1
2024-11-13,Qatar Airways,1 stop,"€1,075",23h 55m,07:55,18:50+1
2024-11-13,Singapore Airlines,2 stops,€891,26h 10m,18:30,07:40+2
2024-11-13,"Aer Lingus, XiamenAir",2 stops,€613,34h 05m,13:20,10:25+2
2024-11-13,"Aer Lingus, Malaysia Airlines",2 stops,€789,31h 50m,15:30,10:20+2
2024-11-13,"Aer Lingus, China Eastern",2 stops,€623,35h 05m,15:30,13:35+2
2024-11-13,Emirates,1 stop,"€1,101",23h 10m,20:50,07:00+2
2024-11-13,"Aer Lingus, Singapore Airlines",2 stops,€896,26h 10m,18:30,07:40+2
2024-11-13,"British Airways, China Eastern",2 stops,€707,31h 00m,16:00,10:00+2
2024-11-13,"Aer Lingus, China Eastern",2 stops,€662,32h 45m,14:15,10:00+2
2024-11-14,Qatar Airways,2 stops,"€1,303",27h 00m,07:55,21:55+1
2024-11-14,SWISS,2 stops,€904,25h 35m,18:40,07:15+2
2024-11-14,Turkish Airlines,2 stops,€842,40h 45m,16:50,20:35+2
2024-11-14,Qantas Airways,1 stop,"€1,146",22h 20m,13:10,22:30+1
2024-11-14,"Emirates, Qantas Airways",1 stop,"€1,146",22h 20m,13:10,22:30+1
2024-11-14,Qantas Airways,1 stop,"€1,146",23h 10m,20:50,07:00+2
2024-11-14,"Emirates, Qantas Airways",1 stop,"€1,146",23h 10m,20:50,07:00+2
2024-11-14,Air France,2 stops,€995,26h 50m,16:40,06:30+2
2024-11-14,Finnair,2 stops,"€1,081",25h 25m,18:05,06:30+2
2024-11-14,Air France,2 stops,€995,27h 45m,16:40,07:25+2
2024-11-14,KLM,2 stops,"€1,080",26h 05m,17:25,06:30+2
2024-11-14,"Aer Lingus, Qantas Airways",2 stops,"€1,097",25h 10m,10:20,22:30+1
2024-11-14,Multiple Airlines,2 stops,"€1,097",25h 10m,10:20,22:30+1
2024-11-14,Finnair,2 stops,"€1,081",26h 20m,18:05,07:25+2
2024-11-14,KLM,2 stops,"€1,080",27h 00m,17:25,07:25+2
2024-11-14,Lufthansa,2 stops,"€1,088",26h 50m,17:25,07:15+2
2024-11-14,Finnair,2 stops,"€1,081",27h 20m,18:05,08:25+2
2024-11-15,Air France,2 stops,€995,26h 50m,16:40,06:30+2
2024-11-15,"Emirates, Qantas Airways",1 stop,"€1,145",22h 20m,13:10,22:30+1
2024-11-15,Air France,2 stops,€924,26h 50m,16:40,06:30+2
2024-11-15,Qantas Airways,1 stop,"€1,156",22h 20m,13:10,22:30+1
2024-11-15,Qantas Airways,1 stop,"€1,171",23h 10m,20:50,07:00+2
2024-11-15,"Emirates, Qantas Airways",1 stop,"€1,171",23h 10m,20:50,07:00+2
2024-11-15,Air France,2 stops,€924,27h 45m,16:40,07:25+2
2024-11-15,British Airways,2 stops,"€1,115",25h 40m,18:15,06:55+2
2024-11-15,Multiple Airlines,2 stops,"€1,121",25h 10m,10:20,22:30+1
2024-11-15,Multiple Airlines,2 stops,"€1,202",25h 30m,18:30,07:00+2
2024-11-15,KLM,3 stops,"€1,080",26h 45m,17:25,07:10+2
2024-11-15,KLM,3 stops,"€1,079",27h 00m,17:25,07:25+2
2024-11-15,British Airways,2 stops,"€1,156",27h 25m,16:30,06:55+2
2024-11-15,British Airways,2 stops,"€1,126",28h 00m,15:55,06:55+2
2024-11-15,British Airways,2 stops,"€1,156",27h 55m,16:00,06:55+2
2024-11-15,British Airways,2 stops,"€1,156",28h 25m,15:30,06:55+2
2024-11-16,Qatar Airways,1 stop,"€1,195",23h 55m,07:55,18:50+1
2024-11-16,"Hainan Airlines, China Eastern",3 stops,€484,35h 50m,11:10,10:00+2
2024-11-16,"Aer Lingus, China Eastern",2 stops,€641,30h 30m,16:30,10:00+2
2024-11-16,"Aer Lingus, Cathay Pacific",2 stops,€881,26h 10m,07:40,20:50+1
2024-11-16,Emirates,1 stop,"€1,125",22h 20m,13:10,22:30+1
2024-11-16,"Aer Lingus, Air China",2 stops,€575,36h 00m,16:30,15:30+2
2024-11-16,Emirates,1 stop,"€1,125",23h 10m,20:50,07:00+2
2024-11-16,"Hainan Airlines, China Eastern",3 stops,€484,35h 50m,11:10,10:00+2
2024-11-16,"Aer Lingus, China Eastern",2 stops,€654,31h 30m,15:30,10:00+2
2024-11-16,"Aer Lingus, Cathay Pacific",2 stops,€882,27h 35m,06:15,20:50+1
2024-11-16,"Emirates, Qantas Airways",1 stop,"€1,145",22h 20m,13:10,22:30+1
2024-11-16,"Aer Lingus, Cathay Pacific",2 stops,€896,28h 05m,18:30,09:35+2
2024-11-16,"Aer Lingus, Cathay Pacific",2 stops,€921,27h 10m,06:40,20:50+1
2024-11-16,Qantas Airways,1 stop,"€1,156",22h 20m,13:10,22:30+1
2024-11-16,Qatar Airways,1 stop,"€1,121",23h 55m,07:55,18:50+1
2024-11-16,"Aer Lingus, Malaysia Airlines",2 stops,€838,30h 50m,16:30,10:20+2
2024-11-17,Qatar Airways,2 stops,"€1,303",27h 00m,07:55,21:55+1
2024-11-17,"Turkish Airlines, Jetstar",2 stops,€630,30h 15m,16:50,10:05+2
2024-11-17,Multiple Airlines,2 stops,€559,40h 15m,06:50,10:05+2
2024-11-17,Qantas Airways,1 stop,"€1,146",22h 20m,13:10,22:30+1
2024-11-17,British Airways,2 stops,"€1,027",25h 25m,18:30,06:55+2
2024-11-17,Multiple Airlines,2 stops,€599,33h 30m,13:35,10:05+2
2024-11-17,"Emirates, Qantas Airways",1 stop,"€1,146",22h 20m,13:10,22:30+1
2024-11-17,Qantas Airways,1 stop,"€1,146",23h 10m,20:50,07:00+2
2024-11-17,"Transavia France, T'way Air",2 stops,€625,33h 40m,13:35,10:15+2
2024-11-17,"Emirates, Qantas Airways",1 stop,"€1,146",23h 10m,20:50,07:00+2
2024-11-17,SWISS,2 stops,€904,34h 55m,09:20,07:15+2
2024-11-17,Turkish Airlines,2 stops,€978,30h 30m,16:50,10:20+2
2024-11-17,British Airways,2 stops,"€1,026",28h 05m,15:50,06:55+2
2024-11-17,Qantas Airways,1 stop,"€1,146",30h 50m,13:10,07:00+2
2024-11-17,"Lufthansa, Cathay Pacific",2 stops,"€1,019",28h 50m,05:00,20:50+1
2024-11-17,Turkish Airlines,2 stops,€977,32h 40m,14:40,10:20+2
2024-11-17,British Airways,2 stops,"€1,027",28h 05m,15:50,06:55+2
2024-11-18,Turkish Airlines,2 stops,€849,54h 25m,16:55,10:20+3
2024-11-18,SWISS,2 stops,€904,25h 35m,18:40,07:15+2
2024-11-18,"SWISS, Sichuan Airlines",3 stops,€560,57h 45m,18:40,15:25+3
2024-11-18,Air France,2 stops,€890,26h 50m,16:40,06:30+2
2024-11-18,Qantas Airways,1 stop,"€1,132",22h 20m,13:10,22:30+1
2024-11-18,Air France,2 stops,€905,27h 45m,16:40,07:25+2
2024-11-18,"Emirates, Qantas Airways",1 stop,"€1,146",22h 20m,13:10,22:30+1
2024-11-18,"SWISS, Qantas Airways",2 stops,€983,25h 45m,18:40,07:25+2
2024-11-18,"Emirates, Qantas Airways",1 stop,"€1,146",23h 10m,20:50,07:00+2
2024-11-18,Qantas Airways,1 stop,"€1,146",23h 10m,20:50,07:00+2
2024-11-18,Turkish Airlines,2 stops,€902,30h 25m,16:55,10:20+2
2024-11-18,SWISS,2 stops,€904,30h 55m,13:20,07:15+2
2024-11-18,"British Airways, Malaysia Airlines",2 stops,€885,37h 25m,20:10,20:35+2
2024-11-18,British Airways,2 stops,"€1,009",26h 05m,17:50,06:55+2
2024-11-18,Air France,2 stops,€905,34h 35m,08:55,06:30+2
2024-11-18,"Lufthansa, Cathay Pacific",2 stops,€980,28h 50m,05:00,20:50+1
2024-11-18,British Airways,2 stops,"€1,026",27h 55m,16:00,06:55+2
2024-11-19,Qatar Airways,2 stops,"€1,264",27h 00m,07:55,21:55+1
2024-11-19,Lufthansa,2 stops,€912,26h 50m,17:25,07:15+2
2024-11-19,Multiple Airlines,2 stops,€570,40h 15m,06:50,10:05+2
2024-11-19,Air France,2 stops,€906,26h 50m,16:40,06:30+2
2024-11-19,Turkish Airlines,2 stops,€838,30h 30m,16:50,10:20+2
2024-11-19,Multiple Airlines,2 stops,"€1,013",25h 30m,18:30,07:00+2
2024-11-19,Qantas Airways,1 stop,"€1,146",22h 20m,13:10,22:30+1
2024-11-19,"Emirates, Qantas Airways",1 stop,"€1,146",22h 20m,13:10,22:30+1
2024-11-19,Air France,2 stops,€906,27h 45m,16:40,07:25+2
2024-11-19,Qantas Airways,1 stop,"€1,146",23h 10m,20:50,07:00+2
2024-11-19,"Emirates, Qantas Airways",1 stop,"€1,146",23h 10m,20:50,07:00+2
2024-11-19,Multiple Airlines,2 stops,"€1,013",25h 30m,10:00,22:30+1
2024-11-19,"Aer Lingus, Qantas Airways",2 stops,"€1,013",25h 30m,10:00,22:30+1
2024-11-19,British Airways,2 stops,"€1,027",26h 00m,17:55,06:55+2
2024-11-19,Finnair,2 stops,"€1,081",25h 25m,18:05,06:30+2
2024-11-19,British Airways,2 stops,"€1,027",27h 00m,16:55,06:55+2
2024-11-19,Etihad Airways,2 stops,"€1,058",25h 30m,08:25,20:55+1
2024-11-20,"Aer Lingus, XiamenAir",2 stops,€493,34h 05m,13:20,10:25+2
2024-11-20,"Aer Lingus, XiamenAir",2 stops,€463,34h 05m,13:20,10:25+2
2024-11-20,Etihad Airways,1 stop,€986,23h 10m,08:25,18:35+1
2024-11-20,"Aer Lingus, Malaysia Airlines",2 stops,€778,26h 55m,06:40,20:35+1
2024-11-20,"Aer Lingus, XiamenAir",2 stops,€473,37h 25m,10:00,10:25+2
2024-11-20,Air France,2 stops,€828,26h 50m,16:40,06:30+2
2024-11-20,Singapore Airlines,2 stops,€890,24h 15m,06:40,17:55+1
2024-11-20,"Aer Lingus, China Southern",3 stops,€522,33h 05m,13:20,09:25+2
2024-11-20,"Aer Lingus, China Eastern",2 stops,€591,33h 40m,13:20,10:00+2
2024-11-20,"KLM, XiamenAir",2 stops,€612,34h 00m,13:25,10:25+2
2024-11-20,"Aer Lingus, Singapore Airlines",2 stops,€896,24h 15m,06:40,17:55+1
2024-11-20,"Aer Lingus, China Eastern",2 stops,€675,31h 30m,15:30,10:00+2
2024-11-20,Air France,2 stops,€828,27h 45m,16:40,07:25+2
2024-11-20,"Aer Lingus, Cathay Pacific",2 stops,€859,26h 10m,07:40,20:50+1
2024-11-20,Emirates,1 stop,"€1,110",22h 20m,13:10,22:30+1
2024-11-20,"Aer Lingus, China Eastern",2 stops,€648,32h 45m,14:15,10:00+2
2024-11-21,Qatar Airways,1 stop,"€1,160",23h 55m,07:55,18:50+1
2024-11-21,"Aer Lingus, Malaysia Airlines",2 stops,€778,26h 55m,06:40,20:35+1
2024-11-21,"Aer Lingus, China Southern",2 stops,€482,40h 05m,17:15,20:20+2
2024-11-21,"Aer Lingus, China Eastern",2 stops,€649,30h 30m,16:30,10:00+2
2024-11-21,"Aer Lingus, China Eastern",2 stops,€649,31h 30m,15:30,10:00+2
2024-11-21,Singapore Airlines,2 stops,€890,24h 15m,06:40,17:55+1
2024-11-21,Air France,2 stops,€828,26h 50m,16:40,06:30+2
2024-11-21,"Aer Lingus, Singapore Airlines",2 stops,€896,24h 15m,06:40,17:55+1
2024-11-21,Emirates,1 stop,"€1,110",22h 20m,13:10,22:30+1
2024-11-21,Air France,2 stops,€828,27h 45m,16:40,07:25+2
2024-11-21,"British Airways, China Eastern",2 stops,€678,31h 00m,16:00,10:00+2
2024-11-21,"Aer Lingus, Cathay Pacific",2 stops,€859,26h 10m,07:40,20:50+1
2024-11-21,"Aer Lingus, Malaysia Airlines",2 stops,€788,30h 50m,16:30,10:20+2
2024-11-21,Air France,2 stops,€828,28h 45m,16:40,08:25+2
2024-11-21,Qantas Airways,1 stop,"€1,132",22h 20m,13:10,22:30+1
2024-11-21,"Aer Lingus, Malaysia Airlines",2 stops,€788,31h 50m,15:30,10:20+2
2024-11-21,SWISS,2 stops,€904,25h 35m,18:40,07:15+2
2024-11-22,KLM,3 stops,"€1,961",27h 00m,17:25,07:25+2
2024-11-22,KLM,3 stops,"€1,998",26h 45m,17:25,07:10+2
2024-11-22,Air France,2 stops,"€2,791",26h 50m,16:40,06:30+2
2024-11-22,KLM,2 stops,"€2,966",26h 05m,17:25,06:30+2
2024-11-22,Air France,2 stops,"€2,791",27h 45m,16:40,07:25+2
2024-11-22,KLM,2 stops,"€2,966",27h 00m,17:25,07:25+2
2024-11-22,KLM,2 stops,"€2,966",30h 05m,13:25,06:30+2
2024-11-23,Qatar Airways,2 stops,"€1,337",27h 15m,07:55,22:10+1
2024-11-23,Air France,2 stops,€828,26h 50m,16:40,06:30+2
2024-11-23,"SWISS, T'way Air",3 stops,€683,100h 35m,18:40,10:15+5
2024-11-23,Air France,2 stops,€828,27h 45m,16:40,07:25+2
2024-11-23,SWISS,2 stops,€907,25h 35m,18:40,07:15+2
2024-11-23,Qantas Airways,1 stop,"€1,177",22h 20m,13:10,22:30+1
2024-11-23,Turkish Airlines,2 stops,€838,30h 25m,16:55,10:20+2
2024-11-23,"SWISS, Qantas Airways",2 stops,€983,24h 50m,18:40,06:30+2
2024-11-23,Qantas Airways,1 stop,"€1,177",23h 10m,20:50,07:00+2
2024-11-23,"SWISS, Qantas Airways",2 stops,€983,25h 45m,18:40,07:25+2
2024-11-23,"Emirates, Qantas Airways",1 stop,"€1,229",22h 20m,13:10,22:30+1
2024-11-23,"Emirates, Qantas Airways",1 stop,"€1,229",23h 10m,20:50,07:00+2
2024-11-23,Air France,2 stops,€840,34h 35m,08:55,06:30+2
2024-11-23,British Airways,2 stops,"€1,027",26h 05m,17:50,06:55+2
2024-11-23,SWISS,2 stops,€904,31h 20m,12:55,07:15+2
2024-11-23,Air France,2 stops,€840,34h 35m,08:55,06:30+2
2024-11-23,Air France,2 stops,€840,35h 30m,08:55,07:25+2
2024-11-24,Qatar Airways,2 stops,"€1,303",27h 00m,07:55,21:55+1
2024-11-24,Multiple Airlines,2 stops,€579,33h 30m,13:35,10:05+2
2024-11-24,Multiple Airlines,3 stops,€558,44h 15m,13:35,20:50+2
2024-11-24,Air France,2 stops,€828,26h 50m,16:40,06:30+2
2024-11-24,"Turkish Airlines, Jetstar",2 stops,€650,30h 15m,16:50,10:05+2
2024-11-24,Air France,2 stops,€828,27h 45m,16:40,07:25+2
2024-11-24,Qantas Airways,1 stop,"€1,146",22h 20m,13:10,22:30+1
2024-11-24,"Transavia France, T'way Air",2 stops,€626,33h 40m,13:35,10:15+2
2024-11-24,"Emirates, Qantas Airways",1 stop,"€1,146",22h 20m,13:10,22:30+1
2024-11-24,Turkish Airlines,2 stops,€843,30h 30m,16:50,10:20+2
2024-11-24,Qantas Airways,1 stop,"€1,146",23h 10m,20:50,07:00+2
2024-11-24,"Emirates, Qantas Airways",1 stop,"€1,146",23h 10m,20:50,07:00+2
2024-11-24,Air France,2 stops,€848,34h 35m,08:55,06:30+2
2024-11-24,Turkish Airlines,2 stops,€843,32h 40m,14:40,10:20+2
2024-11-24,British Airways,2 stops,"€1,040",25h 25m,18:30,06:55+2
2024-11-24,KLM,2 stops,"€1,023",27h 10m,17:20,07:30+2
2024-11-24,SWISS,2 stops,€904,34h 55m,09:20,07:15+2
2024-11-25,Qatar Airways,2 stops,"€1,264",27h 00m,07:55,21:55+1
2024-11-25,Air France,2 stops,€828,26h 50m,16:40,06:30+2
2024-11-25,Multiple Airlines,3 stops,€503,56h 30m,19:55,15:25+3
2024-11-25,Air France,2 stops,€828,27h 45m,16:40,07:25+2
2024-11-25,SWISS,2 stops,€904,25h 35m,18:40,07:15+2
2024-11-25,Qantas Airways,1 stop,"€1,146",22h 20m,13:10,22:30+1
2024-11-25,"Emirates, Qantas Airways",1 stop,"€1,146",22h 20m,13:10,22:30+1
2024-11-25,Air France,2 stops,€828,34h 35m,08:55,06:30+2
2024-11-25,Lufthansa,2 stops,€912,26h 50m,17:25,07:15+2
2024-11-25,"Emirates, Qantas Airways",1 stop,"€1,146",23h 10m,20:50,07:00+2
2024-11-25,Qantas Airways,1 stop,"€1,146",23h 10m,20:50,07:00+2
2024-11-25,Air France,2 stops,€828,34h 35m,08:55,06:30+2
2024-11-25,"SWISS, Qantas Airways",2 stops,€983,25h 45m,18:40,07:25+2
2024-11-25,Air France,2 stops,€828,35h 30m,08:55,07:25+2
2024-11-25,Air France,2 stops,€828,35h 30m,08:55,07:25+2
2024-11-25,"British Airways, Malaysia Airlines",2 stops,€816,37h 25m,20:10,20:35+2
2024-11-25,SWISS,2 stops,€904,30h 55m,13:20,07:15+2
2024-11-26,SWISS,2 stops,€904,25h 35m,18:40,07:15+2
2024-11-26,Air France,2 stops,€828,26h 50m,16:40,06:30+2
2024-11-26,Air France,2 stops,€828,27h 45m,16:40,07:25+2
2024-11-26,Qantas Airways,1 stop,"€1,146",22h 20m,13:10,22:30+1
2024-11-26,"Emirates, Qantas Airways",1 stop,"€1,146",22h 20m,13:10,22:30+1
2024-11-26,Multiple Airlines,2 stops,"€1,013",25h 30m,18:30,07:00+2
2024-11-26,Qantas Airways,1 stop,"€1,146",23h 10m,20:50,07:00+2
2024-11-26,"Emirates, Qantas Airways",1 stop,"€1,146",23h 10m,20:50,07:00+2
2024-11-26,"Aer Lingus, Qantas Airways",2 stops,"€1,013",25h 30m,10:00,22:30+1
2024-11-26,Multiple Airlines,2 stops,"€1,013",25h 30m,10:00,22:30+1
2024-11-26,Turkish Airlines,2 stops,€853,30h 30m,16:50,10:20+2
2024-11-26,Finnair,2 stops,"€1,081",25h 25m,18:05,06:30+2
2024-11-26,British Airways,2 stops,"€1,040",26h 00m,17:55,06:55+2
2024-11-26,Finnair,2 stops,"€1,084",25h 50m,18:05,06:55+2
2024-11-26,Etihad Airways,2 stops,"€1,084",25h 00m,08:25,20:25+1
2024-11-27,SWISS,2 stops,€921,25h 35m,18:40,07:15+2
2024-11-27,Air France,2 stops,€828,26h 50m,16:40,06:30+2
2024-11-27,Qantas Airways,1 stop,"€1,155",22h 20m,13:10,22:30+1
2024-11-27,Qantas Airways,1 stop,"€1,155",23h 10m,20:50,07:00+2
2024-11-27,British Airways,2 stops,"€1,040",26h 00m,17:55,06:55+2
2024-11-27,British Airways,2 stops,"€1,068",26h 30m,17:55,07:25+2
2024-11-27,KLM,2 stops,"€1,081",26h 05m,17:25,06:30+2
2024-11-27,KLM,3 stops,"€1,004",26h 45m,17:25,07:10+2
2024-11-27,KLM,3 stops,"€1,003",27h 00m,17:25,07:25+2
2024-11-27,KLM,2 stops,"€1,081",27h 00m,17:25,07:25+2
2024-11-27,British Airways,2 stops,"€1,070",28h 25m,15:30,06:55+2
2024-11-27,British Airways,2 stops,"€1,070",28h 25m,15:30,06:55+2
2024-11-27,SWISS,2 stops,€921,31h 20m,12:55,07:15+2
2024-11-27,British Airways,2 stops,"€1,082",27h 55m,16:00,06:55+2
2024-11-27,British Airways,2 stops,"€1,068",28h 55m,15:30,07:25+2
2024-11-28,Qatar Airways,2 stops,"€1,303",26h 30m,07:55,21:25+1
2024-11-28,SWISS,2 stops,€904,25h 35m,18:40,07:15+2
2024-11-28,Air France,2 stops,€828,26h 50m,16:40,06:30+2
2024-11-28,Air France,2 stops,€828,27h 45m,16:40,07:25+2
2024-11-28,Lufthansa,2 stops,€912,26h 50m,17:25,07:15+2
2024-11-28,Qantas Airways,1 stop,"€1,146",22h 20m,13:10,22:30+1
2024-11-28,"Emirates, Qantas Airways",1 stop,"€1,146",22h 20m,13:10,22:30+1
2024-11-28,Multiple Airlines,2 stops,"€1,013",25h 30m,18:30,07:00+2
2024-11-28,Qantas Airways,1 stop,"€1,146",23h 10m,20:50,07:00+2
2024-11-28,"Emirates, Qantas Airways",1 stop,"€1,146",23h 10m,20:50,07:00+2
2024-11-28,Finnair,2 stops,"€1,081",25h 25m,18:05,06:30+2
2024-11-28,British Airways,2 stops,"€1,040",26h 00m,17:55,06:55+2
2024-11-28,Multiple Airlines,2 stops,"€1,081",25h 10m,10:20,22:30+1
2024-11-28,"Aer Lingus, Qantas Airways",2 stops,"€1,081",25h 10m,10:20,22:30+1
2024-11-28,Finnair,2 stops,"€1,084",25h 50m,18:05,06:55+2
2024-11-28,Finnair,2 stops,€996,28h 30m,18:05,09:35+2
2024-11-29,Qatar Airways,2 stops,"€1,303",31h 15m,14:10,08:25+2
2024-11-29,Air France,2 stops,€828,26h 50m,16:40,06:30+2
2024-11-29,"SWISS, Sichuan Airlines",3 stops,€725,81h 45m,18:40,15:25+4
2024-11-29,Air France,2 stops,€848,27h 45m,16:40,07:25+2
2024-11-29,Qantas Airways,1 stop,"€1,171",22h 20m,13:10,22:30+1
2024-11-29,SWISS,2 stops,€904,25h 35m,18:40,07:15+2
2024-11-29,"Emirates, Qantas Airways",1 stop,"€1,171",22h 20m,13:10,22:30+1
2024-11-29,Turkish Airlines,2 stops,€816,38h 40m,16:50,18:30+2
2024-11-29,SWISS,2 stops,€904,31h 30m,12:45,07:15+2
2024-11-29,Multiple Airlines,2 stops,"€1,037",25h 30m,18:30,07:00+2
2024-11-29,British Airways,2 stops,"€1,040",25h 40m,18:15,06:55+2
2024-11-29,Finnair,2 stops,"€1,081",26h 20m,18:05,07:25+2
2024-11-29,Air France,2 stops,€859,37h 30m,06:00,06:30+2
2024-11-29,KLM,3 stops,€940,26h 45m,17:25,07:10+2
2024-11-29,Qantas Airways,1 stop,"€1,269",23h 10m,20:50,07:00+2
2024-11-29,"Emirates, Qantas Airways",1 stop,"€1,269",23h 10m,20:50,07:00+2
2024-11-29,British Airways,2 stops,"€1,040",28h 00m,15:55,06:55+2
2024-11-30,"Aer Lingus, XiamenAir",2 stops,€527,34h 05m,13:20,10:25+2
2024-11-30,"Aer Lingus, XiamenAir",2 stops,€528,34h 05m,13:20,10:25+2
2024-11-30,"Aer Lingus, Malaysia Airlines",2 stops,€778,26h 55m,06:40,20:35+1
2024-11-30,"KLM, XiamenAir",2 stops,€566,34h 00m,13:25,10:25+2
2024-11-30,Air France,2 stops,€815,26h 50m,16:40,06:30+2
2024-11-30,Air France,2 stops,€815,27h 45m,16:40,07:25+2
2024-11-30,"Aer Lingus, Air China",2 stops,€564,36h 00m,16:30,15:30+2
2024-11-30,"British Airways, Cathay Pacific",2 stops,€828,28h 10m,16:05,07:15+2
2024-11-30,"Aer Lingus, Cathay Pacific",2 stops,€881,26h 10m,07:40,20:50+1
2024-11-30,"Hainan Airlines, China Southern",3 stops,€559,33h 20m,11:10,07:30+2
2024-11-30,Emirates,1 stop,"€1,124",23h 10m,20:50,07:00+2
2024-11-30,Qantas Airways,1 stop,"€1,156",22h 20m,13:10,22:30+1
2024-11-30,"Hainan Airlines, China Southern",3 stops,€559,33h 20m,11:10,07:30+2
2024-11-30,Emirates,1 stop,"€1,162",22h 20m,13:10,22:30+1
2024-11-30,"Aer Lingus, Cathay Pacific",2 stops,€881,26h 55m,06:55,20:50+1
2024-11-30,"Aer Lingus, Cathay Pacific",2 stops,€878,27h 35m,06:15,20:50+1
2024-12-01,Qatar Airways,2 stops,"€1,303",27h 00m,07:55,21:55+1
2024-12-01,Air France,2 stops,€764,26h 50m,16:40,06:30+2
2024-12-01,Multiple Airlines,3 stops,€542,56h 40m,13:35,09:15+3
2024-12-01,"Turkish Airlines, Jetstar",2 stops,€639,30h 15m,16:50,10:05+2
2024-12-01,Multiple Airlines,2 stops,€609,33h 30m,13:35,10:05+2
2024-12-01,Air France,2 stops,€764,27h 45m,16:40,07:25+2
2024-12-01,"Transavia France, T'way Air",2 stops,€629,33h 40m,13:35,10:15+2
2024-12-01,Qantas Airways,1 stop,"€1,146",22h 20m,13:10,22:30+1
2024-12-01,"Emirates, Qantas Airways",1 stop,"€1,146",22h 20m,13:10,22:30+1
2024-12-01,Lufthansa,2 stops,€912,26h 45m,17:30,07:15+2
2024-12-01,Air France,2 stops,€780,34h 35m,08:55,06:30+2
2024-12-01,Qantas Airways,1 stop,"€1,146",23h 10m,20:50,07:00+2
2024-12-01,"Emirates, Qantas Airways",1 stop,"€1,146",23h 10m,20:50,07:00+2
2024-12-01,KLM,2 stops,€959,27h 10m,17:20,07:30+2
2024-12-01,Turkish Airlines,2 stops,€910,30h 30m,16:50,10:20+2
2024-12-01,Air France,2 stops,€790,37h 30m,06:00,06:30+2
2024-12-01,KLM,2 stops,"€1,003",26h 10m,17:20,06:30+2
2024-12-02,Qatar Airways,2 stops,"€1,264",27h 00m,07:55,21:55+1
2024-12-02,Air France,2 stops,€764,26h 50m,16:40,06:30+2
2024-12-02,Multiple Airlines,3 stops,€601,41h 20m,16:00,20:20+2
2024-12-02,Air France,2 stops,€765,27h 45m,16:40,07:25+2
2024-12-02,SWISS,2 stops,€904,27h 55m,18:40,09:35+2
2024-12-02,"SWISS, Qantas Airways",2 stops,€983,25h 45m,18:40,07:25+2
2024-12-02,Qantas Airways,1 stop,"€1,146",22h 20m,13:10,22:30+1
2024-12-02,"Emirates, Qantas Airways",1 stop,"€1,146",22h 20m,13:10,22:30+1
2024-12-02,Multiple Airlines,2 stops,"€1,013",25h 30m,18:30,07:00+2
2024-12-02,Qantas Airways,1 stop,"€1,146",23h 10m,20:50,07:00+2
2024-12-02,"Emirates, Qantas Airways",1 stop,"€1,146",23h 10m,20:50,07:00+2
2024-12-02,Turkish Airlines,2 stops,€840,30h 25m,16:55,10:20+2
2024-12-02,KLM,2 stops,"€1,002",26h 05m,17:25,06:30+2
2024-12-02,SWISS,2 stops,"€1,018",26h 00m,18:40,07:40+2
2024-12-02,KLM,3 stops,€938,26h 45m,17:25,07:10+2
2024-12-02,KLM,3 stops,€937,27h 00m,17:25,07:25+2
2024-12-02,British Airways,2 stops,"€1,027",26h 05m,17:50,06:55+2
2024-12-03,Qatar Airways,2 stops,"€1,264",27h 00m,07:55,21:55+1
2024-12-03,Air France,2 stops,€764,26h 50m,16:40,06:30+2
2024-12-03,Multiple Airlines,3 stops,€501,59h 35m,16:50,15:25+3
2024-12-03,Air France,2 stops,€764,27h 45m,16:40,07:25+2
2024-12-03,SWISS,2 stops,€904,25h 35m,18:40,07:15+2
2024-12-03,"Air France, Qantas Airways",2 stops,€849,27h 45m,16:40,07:25+2
2024-12-03,Lufthansa,2 stops,€912,26h 50m,17:25,07:15+2
2024-12-03,"SWISS, Qantas Airways",2 stops,€983,25h 45m,18:40,07:25+2
2024-12-03,KLM,2 stops,€955,27h 05m,17:25,07:30+2
2024-12-03,Multiple Airlines,2 stops,"€1,013",25h 30m,18:30,07:00+2
2024-12-03,KLM,2 stops,€996,26h 05m,17:25,06:30+2
2024-12-03,KLM,3 stops,€938,26h 45m,17:25,07:10+2
2024-12-03,KLM,3 stops,€937,27h 00m,17:25,07:25+2
2024-12-03,Qantas Airways,1 stop,"€1,146",22h 20m,13:10,22:30+1
2024-12-03,"Emirates, Qantas Airways",1 stop,"€1,146",22h 20m,13:10,22:30+1
2024-12-03,Qantas Airways,1 stop,"€1,146",23h 10m,20:50,07:00+2
2024-12-03,"Emirates, Qantas Airways",1 stop,"€1,146",23h 10m,20:50,07:00+2
2024-12-04,Qatar Airways,2 stops,"€1,264",26h 30m,07:55,21:25+1
2024-12-04,SWISS,2 stops,€904,25h 35m,18:40,07:15+2
2024-12-04,Air France,2 stops,€765,34h 35m,08:55,06:30+2
2024-12-04,Qantas Airways,1 stop,"€1,146",22h 20m,13:10,22:30+1
2024-12-04,"Emirates, Qantas Airways",1 stop,"€1,146",22h 20m,13:10,22:30+1
2024-12-04,Lufthansa,2 stops,€912,26h 50m,17:25,07:15+2
2024-12-04,Qantas Airways,1 stop,"€1,146",23h 10m,20:50,07:00+2
2024-12-04,"Emirates, Qantas Airways",1 stop,"€1,146",23h 10m,20:50,07:00+2
2024-12-04,Multiple Airlines,2 stops,"€1,013",25h 30m,18:30,07:00+2
2024-12-04,KLM,2 stops,"€1,002",26h 05m,17:25,06:30+2
2024-12-04,KLM,3 stops,€938,26h 45m,17:25,07:10+2
2024-12-04,Air France,2 stops,€994,26h 50m,16:40,06:30+2
2024-12-04,KLM,3 stops,€937,27h 00m,17:25,07:25+2
2024-12-04,KLM,2 stops,"€1,002",27h 00m,17:25,07:25+2
2024-12-04,Air France,2 stops,€994,27h 45m,16:40,07:25+2
2024-12-04,"Aer Lingus, Qantas Airways",2 stops,"€1,097",25h 10m,10:20,22:30+1
2024-12-04,Multiple Airlines,2 stops,"€1,097",25h 10m,10:20,22:30+1
2024-12-05,Qatar Airways,2 stops,"€1,384",26h 15m,07:55,21:10+1
2024-12-05,SWISS,2 stops,€904,25h 35m,18:40,07:15+2
2024-12-05,Turkish Airlines,2 stops,€850,40h 45m,16:50,20:35+2
2024-12-05,Qantas Airways,1 stop,"€1,146",22h 20m,13:10,22:30+1
2024-12-05,"Emirates, Qantas Airways",1 stop,"€1,146",22h 20m,13:10,22:30+1
2024-12-05,Qantas Airways,1 stop,"€1,146",23h 10m,20:50,07:00+2
2024-12-05,"Emirates, Qantas Airways",1 stop,"€1,146",23h 10m,20:50,07:00+2
2024-12-05,KLM,2 stops,"€1,003",26h 05m,17:25,06:30+2
2024-12-05,KLM,2 stops,€959,27h 05m,17:25,07:30+2
2024-12-05,Finnair,2 stops,"€1,081",25h 25m,18:05,06:30+2
2024-12-05,Finnair,2 stops,"€1,084",25h 50m,18:05,06:55+2
2024-12-05,Air France,2 stops,€997,26h 50m,16:40,06:30+2
2024-12-05,KLM,2 stops,"€1,003",27h 00m,17:25,07:25+2
2024-12-05,KLM,3 stops,€940,26h 45m,17:25,07:10+2
2024-12-05,Finnair,2 stops,"€1,081",26h 20m,18:05,07:25+2
2024-12-05,KLM,3 stops,€939,27h 00m,17:25,07:25+2
2024-12-05,KLM,2 stops,"€1,003",28h 00m,17:25,08:25+2
2024-12-06,Qatar Airways,2 stops,"€1,484",30h 15m,14:10,07:25+2
2024-12-06,Qantas Airways,1 stop,"€1,180",22h 20m,13:10,22:30+1
2024-12-06,"Transavia France, XiamenAir",2 stops,€544,51h 35m,19:50,10:25+3
2024-12-06,KLM,2 stops,"€1,002",26h 05m,17:25,06:30+2
2024-12-06,"Emirates, Qantas Airways",1 stop,"€1,197",22h 20m,13:10,22:30+1
2024-12-06,KLM,2 stops,"€1,002",27h 00m,17:25,07:25+2
2024-12-06,KLM,3 stops,€938,26h 45m,17:25,07:10+2
2024-12-06,Turkish Airlines,2 stops,€865,38h 40m,16:50,18:30+2
2024-12-06,KLM,3 stops,€937,27h 00m,17:25,07:25+2
2024-12-06,Turkish Airlines,2 stops,€980,30h 30m,16:50,10:20+2
2024-12-06,Finnair,2 stops,"€1,081",25h 25m,18:05,06:30+2
2024-12-06,Qantas Airways,1 stop,"€1,293",23h 10m,20:50,07:00+2
2024-12-06,"Emirates, Qantas Airways",1 stop,"€1,299",23h 10m,20:50,07:00+2
2024-12-06,KLM,2 stops,"€1,002",30h 05m,13:25,06:30+2
2024-12-06,Turkish Airlines,2 stops,€865,40h 30m,15:00,18:30+2
2024-12-06,Finnair,2 stops,"€1,081",26h 20m,18:05,07:25+2
2024-12-06,KLM,2 stops,"€1,002",31h 00m,13:25,07:25+2
2024-12-07,Qatar Airways,2 stops,"€1,422",26h 30m,07:55,21:25+1
2024-12-07,"KLM, XiamenAir",2 stops,€487,34h 00m,13:25,10:25+2
2024-12-07,"SWISS, Qantas Airways",2 stops,€983,25h 45m,18:40,07:25+2
2024-12-07,KLM,3 stops,€938,26h 50m,17:20,07:10+2
2024-12-07,KLM,3 stops,€937,27h 05m,17:20,07:25+2
2024-12-07,KLM,2 stops,"€1,002",26h 10m,17:20,06:30+2
2024-12-07,KLM,2 stops,"€1,002",27h 05m,17:20,07:25+2
2024-12-07,Turkish Airlines,2 stops,€906,30h 25m,16:55,10:20+2
2024-12-07,SWISS,2 stops,"€1,075",25h 35m,18:40,07:15+2
2024-12-07,Qantas Airways,1 stop,"€1,197",22h 20m,13:10,22:30+1
2024-12-07,"Emirates, Qantas Airways",1 stop,"€1,197",22h 20m,13:10,22:30+1
2024-12-07,KLM,3 stops,€938,30h 45m,13:25,07:10+2
2024-12-07,KLM,2 stops,"€1,098",27h 10m,17:20,07:30+2
2024-12-07,KLM,3 stops,€937,31h 00m,13:25,07:25+2
2024-12-07,KLM,2 stops,"€1,002",30h 05m,13:25,06:30+2
2024-12-07,SWISS,2 stops,"€1,018",30h 10m,18:40,11:50+2
2024-12-08,Qatar Airways,2 stops,"€1,337",26h 15m,07:55,21:10+1
2024-12-08,Multiple Airlines,2 stops,€637,33h 30m,13:35,10:05+2
2024-12-08,Multiple Airlines,3 stops,€535,44h 15m,13:35,20:50+2
2024-12-08,Air France,2 stops,€905,26h 50m,16:40,06:30+2
2024-12-08,Air France,2 stops,€905,27h 45m,16:40,07:25+2
2024-12-08,Qantas Airways,1 stop,"€1,158",22h 20m,13:10,22:30+1
2024-12-08,"Transavia France, T'way Air",2 stops,€653,33h 40m,13:35,10:15+2
2024-12-08,SWISS,2 stops,€904,27h 55m,18:40,09:35+2
2024-12-08,"Emirates, Qantas Airways",1 stop,"€1,173",22h 20m,13:10,22:30+1
2024-12-08,Multiple Airlines,3 stops,€625,33h 30m,13:35,10:05+2
2024-12-08,Air France,2 stops,€815,34h 35m,08:55,06:30+2
2024-12-08,Multiple Airlines,2 stops,€682,33h 45m,13:20,10:05+2
2024-12-08,Air France,2 stops,€810,33h 55m,16:40,13:35+2
2024-12-08,Lufthansa,2 stops,€912,29h 05m,17:30,09:35+2
2024-12-08,Turkish Airlines,2 stops,€906,30h 30m,16:50,10:20+2
2024-12-08,SWISS,2 stops,"€1,018",26h 00m,18:40,07:40+2
2024-12-08,"SWISS, Qantas Airways",2 stops,€983,25h 45m,18:40,07:25+2
2024-12-09,Air France,2 stops,€765,34h 35m,08:55,06:30+2
2024-12-09,"Aer Lingus, Scoot",3 stops,€662,27h 15m,06:20,20:35+1
2024-12-09,Multiple Airlines,3 stops,€523,59h 05m,16:50,14:55+3
2024-12-09,XiamenAir,2 stops,€711,34h 00m,13:25,10:25+2
2024-12-09,"Aer Lingus, Cathay Pacific",2 stops,€871,26h 45m,07:05,20:50+1
2024-12-09,"Aer Lingus, Cathay Pacific",2 stops,€855,27h 35m,06:15,20:50+1
2024-12-09,"Turkish Airlines, AirAsia X",2 stops,€725,29h 20m,16:55,09:15+2
2024-12-09,Emirates,1 stop,"€1,136",22h 20m,13:10,22:30+1
2024-12-09,Air France,2 stops,€905,26h 50m,16:40,06:30+2
2024-12-09,Qantas Airways,1 stop,"€1,158",22h 20m,13:10,22:30+1
2024-12-09,"SWISS, Scoot",2 stops,€720,31h 10m,18:40,12:50+2
2024-12-09,"Emirates, Qantas Airways",1 stop,"€1,147",22h 20m,13:10,22:30+1
2024-12-09,"Aer Lingus, Cathay Pacific",2 stops,€900,26h 55m,06:55,20:50+1
2024-12-09,Air France,2 stops,€754,34h 35m,08:55,06:30+2
2024-12-09,"Qatar Airways, XiamenAir",3 stops,€700,33h 15m,14:10,10:25+2
2024-12-09,Air France,2 stops,€905,27h 45m,16:40,07:25+2
2024-12-09,"Aer Lingus, Malaysia Airlines",2 stops,€939,26h 55m,06:40,20:35+1
2024-12-10,Qatar Airways,2 stops,"€1,345",27h 15m,07:55,22:10+1
2024-12-10,Qantas Airways,1 stop,"€1,191",22h 20m,13:10,22:30+1
2024-12-10,"SWISS, T'way Air",3 stops,€771,82h 20m,12:55,10:15+4
2024-12-10,"Emirates, Qantas Airways",1 stop,"€1,206",22h 20m,13:10,22:30+1
2024-12-10,KLM,2 stops,€983,26h 05m,17:25,06:30+2
2024-12-10,Air France,2 stops,€994,26h 50m,16:40,06:30+2
2024-12-10,Finnair,2 stops,"€1,081",25h 25m,18:05,06:30+2
2024-12-10,KLM,3 stops,€938,26h 45m,17:25,07:10+2
2024-12-10,KLM,2 stops,"€1,002",27h 00m,17:25,07:25+2
2024-12-10,KLM,3 stops,€937,27h 00m,17:25,07:25+2
2024-12-10,Etihad Airways,2 stops,"€1,088",25h 00m,08:25,20:25+1
2024-12-10,Air France,2 stops,€994,27h 45m,16:40,07:25+2
2024-12-10,Finnair,2 stops,"€1,081",26h 20m,18:05,07:25+2
2024-12-10,"Etihad Airways, Virgin Australia",2 stops,"€1,107",25h 00m,08:25,20:25+1
2024-12-10,Etihad Airways,2 stops,"€1,088",26h 30m,08:25,21:55+1
2024-12-10,Multiple Airlines,2 stops,"€1,189",25h 30m,10:00,22:30+1
2024-12-10,"Aer Lingus, Qantas Airways",2 stops,"€1,189",25h 30m,10:00,22:30+1
2024-12-11,KLM,3 stops,"€1,003",26h 45m,17:25,07:10+2
2024-12-11,"Aer Lingus, China Eastern",3 stops,€603,55h 10m,16:50,11:00+3
2024-12-11,KLM,3 stops,"€1,002",27h 00m,17:25,07:25+2
2024-12-11,Qantas Airways,1 stop,"€1,309",22h 20m,13:10,22:30+1
2024-12-11,"Emirates, Qantas Airways",1 stop,"€1,309",22h 20m,13:10,22:30+1
2024-12-11,Air France,2 stops,"€1,114",26h 50m,16:40,06:30+2
2024-12-11,KLM,3 stops,€938,30h 45m,13:25,07:10+2
2024-12-11,SWISS,2 stops,"€1,246",24h 15m,18:40,05:55+2
2024-12-11,KLM,3 stops,€937,31h 00m,13:25,07:25+2
2024-12-11,Air France,2 stops,"€1,114",27h 45m,16:40,07:25+2
2024-12-11,KLM,2 stops,"€1,169",27h 00m,17:25,07:25+2
2024-12-11,Lufthansa,2 stops,"€1,258",24h 55m,18:00,05:55+2
2024-12-11,SWISS,2 stops,"€1,246",26h 00m,18:40,07:40+2
2024-12-11,Lufthansa,2 stops,"€1,265",25h 30m,17:25,05:55+2
2024-12-11,Turkish Airlines,2 stops,"€1,111",29h 45m,16:55,09:40+2
2024-12-11,KLM,2 stops,"€1,289",26h 05m,17:25,06:30+2
2024-12-12,KLM,3 stops,"€1,002",31h 00m,13:25,07:25+2
2024-12-12,Multiple Airlines,3 stops,€576,34h 25m,11:50,09:15+2
2024-12-12,"Aer Lingus, China Eastern",2 stops,€731,36h 40m,06:50,06:30+2
2024-12-12,"Lufthansa, Scoot",2 stops,€900,31h 50m,18:00,12:50+2
2024-12-12,Emirates,1 stop,"€1,367",23h 10m,20:50,07:00+2
2024-12-12,Turkish Airlines,2 stops,"€1,098",29h 50m,16:50,09:40+2
2024-12-12,Qantas Airways,1 stop,"€1,389",23h 10m,20:50,07:00+2
2024-12-12,"Aer Lingus, Air India",2 stops,€923,31h 50m,13:20,08:10+2
2024-12-12,"Lufthansa, China Eastern",3 stops,€809,31h 40m,11:50,06:30+2
2024-12-12,Multiple Airlines,3 stops,€906,28h 15m,18:00,09:15+2
2024-12-12,KLM,3 stops,"€1,080",26h 45m,17:25,07:10+2
2024-12-12,Turkish Airlines,2 stops,"€1,099",32h 00m,14:40,09:40+2
2024-12-12,Multiple Airlines,3 stops,€744,36h 40m,06:50,06:30+2
2024-12-12,KLM,3 stops,"€1,079",27h 00m,17:25,07:25+2
2024-12-12,"Emirates, Qantas Airways",1 stop,"€1,411",23h 10m,20:50,07:00+2
2024-12-12,KLM,2 stops,"€1,145",30h 05m,13:25,06:30+2
2024-12-13,Qatar Airways,2 stops,"€1,762",30h 15m,14:10,07:25+2
2024-12-13,Multiple Airlines,3 stops,€557,52h 40m,19:50,11:30+3
2024-12-13,Turkish Airlines,2 stops,"€1,231",38h 40m,16:50,18:30+2
2024-12-13,Qantas Airways,1 stop,"€1,735",22h 20m,13:10,22:30+1
2024-12-13,"Emirates, Qantas Airways",1 stop,"€1,735",22h 20m,13:10,22:30+1
2024-12-13,Turkish Airlines,2 stops,"€1,231",40h 30m,15:00,18:30+2
2024-12-13,Multiple Airlines,3 stops,€617,47h 40m,19:50,06:30+3
2024-12-13,Multiple Airlines,2 stops,"€1,395",28h 05m,07:25,22:30+1
2024-12-13,Multiple Airlines,3 stops,€622,49h 15m,19:50,08:05+3
2024-12-13,Turkish Airlines,2 stops,"€1,496",30h 30m,16:50,10:20+2
2024-12-13,Qantas Airways,1 stop,"€1,775",23h 10m,20:50,07:00+2
2024-12-13,Etihad Airways,2 stops,"€1,439",36h 00m,08:25,07:25+2
2024-12-13,Multiple Airlines,3 stops,€617,51h 10m,19:50,10:00+3
2024-12-13,Turkish Airlines,2 stops,"€1,522",29h 50m,16:50,09:40+2
2024-12-13,"Emirates, Qantas Airways",1 stop,"€1,768",23h 10m,20:50,07:00+2
2024-12-13,Turkish Airlines,2 stops,"€1,496",32h 20m,15:00,10:20+2
2024-12-14,Qatar Airways,2 stops,"€1,664",26h 15m,07:55,21:10+1
2024-12-14,Multiple Airlines,3 stops,€683,36h 55m,06:55,06:50+2
2024-12-14,Multiple Airlines,3 stops,€654,58h 25m,18:00,15:25+3
2024-12-14,"KLM, T'way Air",2 stops,€934,33h 50m,13:25,10:15+2
2024-12-14,Qantas Airways,1 stop,"€1,720",23h 10m,20:50,07:00+2
2024-12-14,"KLM, Jetstar",2 stops,€943,33h 40m,13:25,10:05+2
2024-12-14,Multiple Airlines,2 stops,"€1,057",30h 00m,17:15,10:15+2
2024-12-14,Multiple Airlines,2 stops,"€1,069",29h 50m,17:15,10:05+2
2024-12-14,"Emirates, Qantas Airways",1 stop,"€1,720",23h 10m,20:50,07:00+2
2024-12-14,Qantas Airways,1 stop,"€1,523",34h 45m,20:50,18:35+2
2024-12-14,Qatar Airways,2 stops,"€1,584",26h 15m,07:55,21:10+1
2024-12-14,"KLM, Air India",2 stops,"€1,121",31h 45m,13:25,08:10+2
2024-12-14,Qantas Airways,1 stop,"€1,883",22h 20m,13:10,22:30+1
2024-12-14,"Emirates, Qantas Airways",1 stop,"€1,883",22h 20m,13:10,22:30+1
2024-12-14,Qatar Airways,2 stops,"€1,587",27h 15m,07:55,22:10+1
2024-12-14,"Aer Lingus, Etihad Airways",3 stops,"€1,016",39h 50m,06:50,09:40+2
2024-12-14,Finnair,2 stops,"€1,483",37h 20m,09:45,10:05+2
2024-12-15,Qantas Airways,1 stop,"€1,711",22h 20m,13:10,22:30+1
2024-12-15,Qatar Airways,2 stops,"€1,664",26h 15m,07:55,21:10+1
2024-12-15,Qantas Airways,1 stop,"€1,711",23h 10m,20:50,07:00+2
2024-12-15,SWISS,2 stops,"€1,928",24h 15m,18:40,05:55+2
2024-12-15,Lufthansa,2 stops,"€1,930",24h 55m,18:00,05:55+2
2024-12-15,Qatar Airways,2 stops,"€1,664",27h 15m,07:55,22:10+1
2024-12-15,Qatar Airways,2 stops,"€1,762",26h 30m,07:55,21:25+1
2024-12-15,SWISS,2 stops,"€1,928",26h 00m,18:40,07:40+2
2024-12-15,Lufthansa,2 stops,"€1,936",25h 25m,17:30,05:55+2
2024-12-15,SWISS,2 stops,"€1,989",25h 35m,18:40,07:15+2
2024-12-15,Air France,2 stops,"€1,941",26h 50m,16:40,06:30+2
2024-12-15,Qantas Airways,1 stop,"€1,711",30h 50m,13:10,07:00+2
2024-12-15,Lufthansa,2 stops,"€1,997",26h 45m,17:30,07:15+2
2024-12-15,Turkish Airlines,2 stops,"€1,693",30h 30m,16:50,10:20+2
2024-12-15,Qatar Airways,2 stops,"€1,912",27h 30m,07:55,22:25+1
2024-12-16,Qatar Airways,2 stops,"€1,625",27h 15m,07:55,22:10+1
2024-12-16,Multiple Airlines,3 stops,€644,37h 15m,13:20,13:35+2
2024-12-16,Multiple Airlines,3 stops,€552,59h 05m,16:50,14:55+3
2024-12-16,XiamenAir,2 stops,"€1,008",34h 00m,13:25,10:25+2
2024-12-16,Multiple Airlines,3 stops,€724,33h 05m,13:20,09:25+2
2024-12-16,Multiple Airlines,3 stops,€707,34h 05m,13:20,10:25+2
2024-12-16,Multiple Airlines,3 stops,€733,33h 05m,13:20,09:25+2
2024-12-16,"Aer Lingus, Emirates",2 stops,"€1,384",25h 20m,06:15,18:35+1
2024-12-16,Multiple Airlines,3 stops,€660,36h 55m,13:20,13:15+2
2024-12-16,Multiple Airlines,3 stops,€736,33h 05m,13:20,09:25+2
2024-12-16,Multiple Airlines,2 stops,"€1,315",28h 05m,17:15,08:20+2
2024-12-16,"Turkish Airlines, VietJet Air",2 stops,"€1,151",28h 10m,16:55,08:05+2
2024-12-16,Multiple Airlines,3 stops,€670,36h 50m,06:40,06:30+2
2024-12-16,Emirates,1 stop,"€1,683",22h 20m,13:10,22:30+1
2024-12-16,Qantas Airways,1 stop,"€1,695",22h 20m,13:10,22:30+1
2024-12-16,"Emirates, Qantas Airways",1 stop,"€1,695",22h 20m,13:10,22:30+1
2024-12-16,Etihad Airways,1 stop,"€1,419",35h 30m,08:25,06:55+2
2024-12-17,Qatar Airways,2 stops,"€1,625",27h 15m,07:55,22:10+1
2024-12-17,Qantas Airways,1 stop,"€1,695",23h 10m,20:50,07:00+2
2024-12-17,Turkish Airlines,2 stops,"€1,458",38h 40m,16:50,18:30+2
2024-12-17,Qatar Airways,2 stops,"€1,570",27h 15m,07:55,22:10+1
2024-12-17,"Emirates, Qantas Airways",1 stop,"€1,695",23h 10m,20:50,07:00+2
2024-12-17,Qantas Airways,1 stop,"€1,619",34h 45m,20:50,18:35+2
2024-12-17,"Emirates, Qantas Airways",1 stop,"€1,858",22h 20m,13:10,22:30+1
2024-12-17,Qantas Airways,1 stop,"€1,858",22h 20m,13:10,22:30+1
2024-12-17,Qantas Airways,1 stop,"€1,695",30h 50m,13:10,07:00+2
2024-12-17,"Emirates, Qantas Airways",1 stop,"€1,695",30h 50m,13:10,07:00+2
2024-12-17,"Emirates, Qantas Airways",1 stop,"€1,665",34h 45m,20:50,18:35+2
2024-12-17,Etihad Airways,2 stops,"€1,609",36h 00m,08:25,07:25+2
2024-12-17,Qantas Airways,2 stops,"€1,723",26h 35m,20:50,10:25+2
2024-12-17,Turkish Airlines,2 stops,"€1,689",30h 30m,16:50,10:20+2
2024-12-17,Qatar Airways,2 stops,"€1,808",27h 30m,07:55,22:25+1
2024-12-17,Multiple Airlines,2 stops,"€1,826",25h 10m,10:20,22:30+1
2024-12-17,"Aer Lingus, Qantas Airways",2 stops,"€1,826",25h 10m,10:20,22:30+1
2024-12-18,XiamenAir,2 stops,"€1,009",34h 00m,13:25,10:25+2
2024-12-18,Etihad Airways,1 stop,"€1,560",23h 10m,08:25,18:35+1
2024-12-18,"Aer Lingus, Emirates",2 stops,"€1,384",25h 20m,06:15,18:35+1
2024-12-18,"Aer Lingus, Emirates",2 stops,"€1,384",25h 30m,10:00,22:30+1
2024-12-18,"Aer Lingus, China Eastern",2 stops,"€1,043",36h 40m,06:50,06:30+2
2024-12-18,Multiple Airlines,2 stops,"€1,441",28h 05m,17:15,08:20+2
2024-12-18,"Aer Lingus, Emirates",2 stops,"€1,446",29h 15m,06:15,22:30+1
2024-12-18,Emirates,1 stop,"€1,963",23h 10m,20:50,07:00+2
2024-12-18,Qatar Airways,1 stop,"€1,928",23h 55m,07:55,18:50+1
2024-12-18,Qantas Airways,1 stop,"€1,985",23h 10m,20:50,07:00+2
2024-12-18,"Aer Lingus, Asiana Airlines",2 stops,"€1,450",32h 00m,13:20,08:20+2
2024-12-18,"Aer Lingus, China Airlines",2 stops,"€1,436",33h 40m,15:30,12:10+2
2024-12-18,"Emirates, Qantas Airways",1 stop,"€2,024",23h 10m,20:50,07:00+2
2024-12-18,Etihad Airways,1 stop,"€1,670",35h 30m,08:25,06:55+2
2024-12-18,"Aer Lingus, Thai Airways",2 stops,"€1,600",28h 10m,06:40,21:50+1
2024-12-19,Qatar Airways,2 stops,"€2,034",30h 15m,14:10,07:25+2
2024-12-19,"Aer Lingus, Air India",2 stops,€965,31h 50m,13:20,08:10+2
2024-12-19,"KLM, Air India",2 stops,€994,31h 45m,13:25,08:10+2
2024-12-19,"Aer Lingus, Emirates",2 stops,"€1,461",25h 20m,06:15,18:35+1
2024-12-19,"Aer Lingus, Air India",2 stops,€979,35h 10m,10:00,08:10+2
2024-12-19,Qatar Airways,1 stop,"€1,964",23h 55m,07:55,18:50+1
2024-12-19,"KLM, T'way Air",2 stops,"€1,378",29h 50m,17:25,10:15+2
2024-12-19,"Lufthansa, China Eastern",3 stops,"€1,124",31h 40m,11:50,06:30+2
2024-12-19,"Etihad Airways, Juneyao Airlines",3 stops,"€1,054",35h 05m,08:25,06:30+2
2024-12-19,Emirates,1 stop,"€2,219",22h 20m,13:10,22:30+1
2024-12-19,Qantas Airways,1 stop,"€2,241",22h 20m,13:10,22:30+1
2024-12-19,"Lufthansa, Air India",2 stops,"€1,295",33h 20m,11:50,08:10+2
2024-12-19,"Turkish Airlines, Batik Air",2 stops,"€1,833",26h 25m,16:50,06:15+2
2024-12-19,"Aer Lingus, SriLankan Airlines",2 stops,"€1,503",36h 25m,16:30,15:55+2
2024-12-19,"Emirates, Qantas Airways",1 stop,"€2,230",22h 20m,13:10,22:30+1
2024-12-19,"Scandinavian Airlines, Air India",3 stops,"€1,129",33h 55m,11:15,08:10+2
2024-12-20,Qatar Airways,2 stops,"€2,667",30h 15m,14:10,07:25+2
2024-12-20,"British Airways, China Airlines",2 stops,"€1,703",33h 10m,16:00,12:10+2
2024-12-20,"SWISS, Sichuan Airlines",3 stops,"€1,135",81h 45m,18:40,15:25+4
2024-12-20,Qantas Airways,1 stop,"€2,313",22h 20m,13:10,22:30+1
2024-12-20,"Emirates, Qantas Airways",1 stop,"€2,313",22h 20m,13:10,22:30+1
2024-12-20,Turkish Airlines,2 stops,"€1,912",29h 50m,16:50,09:40+2
2024-12-20,"British Airways, China Airlines",2 stops,"€1,702",38h 00m,11:10,12:10+2
2024-12-20,Turkish Airlines,2 stops,"€1,911",31h 40m,15:00,09:40+2
2024-12-20,Qantas Airways,1 stop,"€2,313",30h 50m,13:10,07:00+2
2024-12-20,"British Airways, China Airlines",2 stops,"€1,700",40h 15m,08:55,12:10+2
2024-12-20,Turkish Airlines,2 stops,"€1,914",35h 45m,10:55,09:40+2
2024-12-20,"British Airways, China Airlines",2 stops,"€1,697",42h 10m,07:00,12:10+2
2024-12-20,"Emirates, Qantas Airways",1 stop,"€2,313",30h 50m,13:10,07:00+2
2024-12-20,"Qantas Airways, Emirates",1 stop,"€3,023",22h 20m,13:10,22:30+1
2024-12-20,Etihad Airways,2 stops,"€1,962",36h 00m,08:25,07:25+2
2024-12-20,KLM,2 stops,"€2,126",33h 55m,13:25,10:20+2
2024-12-20,Emirates,2 stops,"€2,306",30h 20m,13:10,06:30+2
2024-12-21,Etihad Airways,2 stops,"€2,216",25h 45m,08:25,21:10+1
2024-12-21,"British Airways, Qantas Airways",2 stops,"€2,389",28h 20m,16:05,07:25+2
2024-12-21,"Aer Lingus, Qantas Airways",2 stops,"€2,489",27h 55m,16:30,07:25+2
2024-12-21,British Airways,2 stops,"€2,661",26h 05m,17:50,06:55+2
2024-12-21,British Airways,2 stops,"€2,659",26h 35m,17:50,07:25+2
2024-12-21,"Aer Lingus, Qantas Airways",2 stops,"€2,454",28h 55m,15:30,07:25+2
2024-12-21,Emirates,2 stops,"€2,340",30h 20m,13:10,06:30+2
2024-12-21,British Airways,2 stops,"€2,661",27h 25m,16:30,06:55+2
2024-12-21,Etihad Airways,2 stops,"€2,817",25h 00m,08:25,20:25+1
2024-12-21,British Airways,2 stops,"€2,661",27h 50m,16:05,06:55+2
2024-12-21,British Airways,2 stops,"€2,661",27h 50m,16:05,06:55+2
2024-12-21,British Airways,2 stops,"€2,659",27h 55m,16:30,07:25+2
2024-12-21,SWISS,2 stops,"€2,864",26h 00m,18:40,07:40+2
2024-12-21,Etihad Airways,2 stops,"€2,817",25h 30m,08:25,20:55+1
2024-12-21,British Airways,2 stops,"€2,659",28h 20m,16:05,07:25+2
2024-12-22,Qantas Airways,1 stop,"€2,311",22h 20m,13:10,22:30+1
2024-12-22,Turkish Airlines,2 stops,"€1,693",30h 30m,16:50,10:20+2
2024-12-22,Qantas Airways,1 stop,"€2,311",23h 10m,20:50,07:00+2
2024-12-22,Qatar Airways,2 stops,"€1,921",26h 15m,07:55,21:10+1
2024-12-22,Qatar Airways,2 stops,"€1,921",27h 15m,07:55,22:10+1
2024-12-22,"Aer Lingus, Qantas Airways",2 stops,"€2,022",27h 55m,16:30,07:25+2
2024-12-22,Etihad Airways,2 stops,"€2,216",25h 00m,08:25,20:25+1
2024-12-22,Etihad Airways,2 stops,"€2,216",25h 30m,08:25,20:55+1
2024-12-22,KLM,2 stops,"€2,136",27h 10m,17:20,07:30+2
2024-12-22,"Aer Lingus, Qantas Airways",2 stops,"€2,022",28h 55m,15:30,07:25+2
2024-12-22,Etihad Airways,2 stops,"€2,216",26h 00m,08:25,21:25+1
2024-12-22,Qatar Airways,2 stops,"€2,197",26h 30m,07:55,21:25+1
2024-12-22,Etihad Airways,2 stops,"€2,216",26h 30m,08:25,21:55+1
2024-12-22,Qatar Airways,2 stops,"€2,197",27h 00m,07:55,21:55+1
2024-12-22,SWISS,2 stops,"€2,419",25h 35m,18:40,07:15+2
2024-12-23,"British Airways, China Airlines",2 stops,"€1,022",33h 10m,16:00,12:10+2
2024-12-23,"Emirates, Jetstar",2 stops,€986,27h 40m,20:50,11:30+2
2024-12-23,"Aer Lingus, China Airlines",2 stops,€975,41h 30m,07:40,12:10+2
2024-12-23,Emirates,1 stop,"€1,444",23h 10m,20:50,07:00+2
2024-12-23,"Emirates, Vietnam Airlines",2 stops,"€1,111",26h 00m,20:50,09:50+2
2024-12-23,"Aer Lingus, China Airlines",2 stops,€986,33h 40m,15:30,12:10+2
2024-12-23,British Airways,2 stops,"€1,227",27h 55m,16:00,06:55+2
2024-12-23,Qantas Airways,1 stop,"€1,467",23h 10m,20:50,07:00+2
2024-12-23,"Aer Lingus, China Airlines",2 stops,€986,34h 55m,14:15,12:10+2
2024-12-23,"British Airways, China Airlines",2 stops,"€1,012",33h 10m,16:00,12:10+2
2024-12-23,"Scandinavian Airlines, Air India",2 stops,"€1,164",32h 40m,12:30,08:10+2
2024-12-23,Etihad Airways,1 stop,"€1,501",23h 10m,08:25,18:35+1
2024-12-23,"Emirates, Qantas Airways",1 stop,"€1,491",23h 10m,20:50,07:00+2
2024-12-23,"Aer Lingus, Qantas Airways",2 stops,"€1,334",25h 10m,10:20,22:30+1
2024-12-23,Multiple Airlines,2 stops,"€1,334",25h 10m,10:20,22:30+1
2024-12-23,"Aer Lingus, China Airlines",2 stops,"€1,025",37h 05m,12:05,12:10+2
2024-12-23,"Aer Lingus, Emirates",2 stops,"€1,381",25h 10m,10:20,22:30+1
2024-12-24,"Aer Lingus, Emirates",2 stops,"€1,206",29h 45m,14:15,07:00+2
2024-12-24,Emirates,1 stop,"€1,250",23h 10m,20:50,07:00+2
2024-12-24,Multiple Airlines,3 stops,€658,54h 10m,13:20,06:30+3
2024-12-24,"Aer Lingus, Air India",2 stops,"€1,002",31h 50m,13:20,08:10+2
2024-12-24,Qantas Airways,1 stop,"€1,272",23h 10m,20:50,07:00+2
2024-12-24,Qatar Airways,1 stop,"€1,260",23h 55m,07:55,18:50+1
2024-12-24,"Aer Lingus, China Eastern",2 stops,"€1,011",31h 25m,12:05,06:30+2
2024-12-24,"Aer Lingus, China Southern",2 stops,"€1,108",26h 25m,06:55,20:20+1
2024-12-24,"British Airways, China Eastern",2 stops,"€1,043",30h 10m,13:20,06:30+2
2024-12-24,"Emirates, Qantas Airways",1 stop,"€1,360",22h 20m,13:10,22:30+1
2024-12-24,Emirates,1 stop,"€1,379",22h 20m,13:10,22:30+1
2024-12-24,"Emirates, Qantas Airways",1 stop,"€1,290",23h 10m,20:50,07:00+2
2024-12-24,"Aer Lingus, Qantas Airways",2 stops,"€1,182",29h 15m,14:15,06:30+2
2024-12-24,Qantas Airways,1 stop,"€1,392",22h 20m,13:10,22:30+1
2024-12-24,"Aer Lingus, China Eastern",2 stops,"€1,110",29h 15m,14:15,06:30+2
2024-12-24,Emirates,1 stop,"€1,264",34h 45m,20:50,18:35+2
2024-12-24,"Emirates, Vietnam Airlines",2 stops,"€1,192",26h 00m,20:50,09:50+2
2024-12-25,Japan Airlines,2 stops,"€2,367",33h 10m,10:40,06:50+2
2024-12-25,Japan Airlines,2 stops,"€2,367",36h 40m,07:10,06:50+2
2024-12-25,Japan Airlines,2 stops,"€2,367",57h 10m,10:40,06:50+3
2024-12-25,Japan Airlines,2 stops,"€2,367",60h 40m,07:10,06:50+3
2024-12-25,Japan Airlines,2 stops,"€2,927",57h 10m,10:40,06:50+3
2024-12-26,Turkish Airlines,2 stops,"€1,667",54h 30m,16:50,10:20+3
2024-12-26,Multiple Airlines,2 stops,"€1,511",25h 10m,10:20,22:30+1
2024-12-26,"Aer Lingus, Qantas Airways",2 stops,"€1,511",25h 10m,10:20,22:30+1
2024-12-26,"Emirates, Qantas Airways",1 stop,"€1,925",22h 20m,13:10,22:30+1
2024-12-26,Qantas Airways,1 stop,"€1,925",22h 20m,13:10,22:30+1
2024-12-26,Etihad Airways,2 stops,"€1,669",25h 45m,08:25,21:10+1
2024-12-26,"Aer Lingus, Qantas Airways",2 stops,"€1,590",25h 30m,10:00,22:30+1
2024-12-26,Qantas Airways,1 stop,"€1,925",23h 10m,20:50,07:00+2
2024-12-26,Multiple Airlines,2 stops,"€1,590",25h 30m,10:00,22:30+1
2024-12-26,"Emirates, Qantas Airways",1 stop,"€1,925",23h 10m,20:50,07:00+2
2024-12-26,Etihad Airways,2 stops,"€1,787",25h 00m,08:25,20:25+1
2024-12-26,"Emirates, Qantas Airways",1 stop,"€1,925",30h 50m,13:10,07:00+2
2024-12-26,Qantas Airways,1 stop,"€1,925",30h 50m,13:10,07:00+2
2024-12-26,Finnair,2 stops,"€1,680",36h 50m,09:45,09:35+2
2024-12-26,Etihad Airways,2 stops,"€1,787",25h 30m,08:25,20:55+1
2024-12-26,Finnair,2 stops,"€1,677",37h 20m,09:45,10:05+2
2024-12-27,Air France,2 stops,"€2,791",26h 50m,16:40,06:30+2
2024-12-27,KLM,2 stops,"€2,966",26h 05m,17:25,06:30+2
2024-12-27,KLM,2 stops,"€2,966",27h 00m,17:25,07:25+2
2024-12-27,KLM,2 stops,"€2,966",28h 00m,17:25,08:25+2
2024-12-27,KLM,3 stops,"€2,967",26h 45m,17:25,07:10+2
2024-12-27,KLM,3 stops,"€2,966",27h 00m,17:25,07:25+2
2024-12-27,KLM,2 stops,"€4,102",26h 30m,17:25,06:55+2
2024-12-28,Qatar Airways,2 stops,"€2,301",26h 15m,07:55,21:10+1
2024-12-28,"KLM, China Eastern",2 stops,"€1,202",30h 05m,13:25,06:30+2
2024-12-28,"SWISS, China Eastern",3 stops,"€1,184",48h 50m,18:40,06:30+3
2024-12-28,"KLM, Air India",2 stops,"€1,201",31h 45m,13:25,08:10+2
2024-12-28,"Emirates, Qantas Airways",1 stop,"€1,869",23h 10m,20:50,07:00+2
2024-12-28,Qantas Airways,1 stop,"€1,917",23h 10m,20:50,07:00+2
2024-12-28,"Emirates, Qantas Airways",1 stop,"€1,619",34h 45m,20:50,18:35+2
2024-12-28,Etihad Airways,2 stops,"€1,683",25h 45m,08:25,21:10+1
2024-12-28,Qantas Airways,1 stop,"€1,630",34h 45m,20:50,18:35+2
2024-12-28,Turkish Airlines,2 stops,"€1,542",30h 25m,16:55,10:20+2
2024-12-28,British Airways,2 stops,"€1,534",35h 15m,20:35,18:50+2
2024-12-28,"Emirates, Qantas Airways",1 stop,"€2,180",22h 20m,13:10,22:30+1
2024-12-28,Qantas Airways,1 stop,"€2,180",22h 20m,13:10,22:30+1
2024-12-28,Etihad Airways,2 stops,"€1,959",25h 00m,08:25,20:25+1
2024-12-28,Etihad Airways,2 stops,"€1,959",25h 30m,08:25,20:55+1
2024-12-28,Turkish Airlines,2 stops,"€1,652",36h 25m,10:55,10:20+2
2024-12-28,Etihad Airways,2 stops,"€1,959",26h 00m,08:25,21:25+1
2024-12-29,Qatar Airways,2 stops,"€1,757",27h 15m,07:55,22:10+1
2024-12-29,British Airways,2 stops,"€1,527",28h 05m,15:50,06:55+2
2024-12-29,"SWISS, Air China",3 stops,€975,57h 50m,18:40,15:30+3
2024-12-29,Qantas Airways,1 stop,"€1,892",22h 20m,13:10,22:30+1
2024-12-29,Turkish Airlines,2 stops,"€1,231",40h 50m,14:40,18:30+2
2024-12-29,"Emirates, Qantas Airways",1 stop,"€1,892",22h 20m,13:10,22:30+1
2024-12-29,Qantas Airways,1 stop,"€1,892",23h 10m,20:50,07:00+2
2024-12-29,"Emirates, Qantas Airways",1 stop,"€1,892",23h 10m,20:50,07:00+2
2024-12-29,Qatar Airways,2 stops,"€1,674",27h 15m,07:55,22:10+1
2024-12-29,Turkish Airlines,2 stops,"€1,440",38h 40m,16:50,18:30+2
2024-12-29,Qantas Airways,1 stop,"€1,892",30h 50m,13:10,07:00+2
2024-12-29,"Emirates, Qantas Airways",1 stop,"€1,892",30h 50m,13:10,07:00+2
2024-12-29,Finnair,2 stops,"€1,677",37h 20m,09:45,10:05+2
2024-12-29,British Airways,2 stops,"€1,868",25h 25m,18:30,06:55+2
2024-12-29,Etihad Airways,2 stops,"€1,685",36h 00m,08:25,07:25+2
2024-12-29,Turkish Airlines,2 stops,"€1,802",30h 30m,16:50,10:20+2
2024-12-29,SWISS,2 stops,"€1,911",25h 35m,18:40,07:15+2
2024-12-30,Qantas Airways,1 stop,"€1,577",22h 20m,13:10,22:30+1
2024-12-30,Finnair,2 stops,"€1,329",34h 50m,09:45,07:35+2
2024-12-30,Qantas Airways,1 stop,"€1,743",23h 10m,20:50,07:00+2
2024-12-30,British Airways,2 stops,"€1,546",26h 05m,17:50,06:55+2
2024-12-30,British Airways,2 stops,"€1,442",27h 55m,16:00,06:55+2
2024-12-30,British Airways,2 stops,"€1,484",27h 55m,16:00,06:55+2
2024-12-30,British Airways,2 stops,"€1,472",28h 25m,15:30,06:55+2
2024-12-30,SWISS,2 stops,"€1,928",24h 15m,18:40,05:55+2
2024-12-30,Turkish Airlines,2 stops,"€1,450",29h 45m,16:55,09:40+2
2024-12-30,British Airways,2 stops,"€1,472",29h 40m,14:15,06:55+2
2024-12-30,Lufthansa,2 stops,"€1,930",24h 55m,18:00,05:55+2
2024-12-30,Qatar Airways,2 stops,"€1,718",27h 15m,07:55,22:10+1
2024-12-30,Air France,2 stops,"€1,822",26h 50m,16:40,06:30+2
2024-12-30,SWISS,2 stops,"€1,989",25h 35m,18:40,07:15+2
2024-12-30,KLM,2 stops,"€1,997",26h 05m,17:25,06:30+2
2024-12-30,British Airways,2 stops,"€1,472",31h 50m,12:05,06:55+2
2024-12-31,Qatar Airways,1 stop,"€1,815",23h 55m,07:55,18:50+1
2024-12-31,Emirates,1 stop,"€1,433",23h 10m,20:50,07:00+2
2024-12-31,Multiple Airlines,3 stops,€636,52h 40m,06:15,21:55+2
2024-12-31,"Aer Lingus, KLM",2 stops,"€1,271",26h 15m,17:15,06:30+2
2024-12-31,"Hainan Airlines, Juneyao Airlines",2 stops,€870,32h 20m,11:10,06:30+2
2024-12-31,Qantas Airways,1 stop,"€1,479",23h 10m,20:50,07:00+2
2024-12-31,"Hainan Airlines, Juneyao Airlines",2 stops,€874,32h 20m,11:10,06:30+2
2024-12-31,"Hainan Airlines, Juneyao Airlines",2 stops,€874,32h 20m,11:10,06:30+2
2024-12-31,"Aer Lingus, KLM",2 stops,"€1,271",27h 10m,17:15,07:25+2
2024-12-31,"Aer Lingus, Cathay Pacific",2 stops,"€1,261",27h 35m,06:15,20:50+1
2024-12-31,"Emirates, Qantas Airways",1 stop,"€1,479",23h 10m,20:50,07:00+2
2024-12-31,"Hainan Airlines, Juneyao Airlines",2 stops,€916,32h 20m,11:10,06:30+2
2024-12-31,Emirates,1 stop,"€1,622",22h 20m,13:10,22:30+1
2024-12-31,Multiple Airlines,2 stops,€979,32h 20m,11:10,06:30+2
2024-12-31,Multiple Airlines,2 stops,€983,32h 20m,11:10,06:30+2
2024-12-31,Qantas Airways,1 stop,"€1,644",22h 20m,13:10,22:30+1
2024-12-31,"Emirates, Qantas Airways",1 stop,"€1,644",22h 20m,13:10,22:30+1
2025-01-01,Qantas Airways,1 stop,"€1,644",23h 10m,20:50,07:00+2
2025-01-01,Etihad Airways,2 stops,"€1,455",36h 00m,08:25,07:25+2
2025-01-01,"Emirates, Qantas Airways",1 stop,"€1,644",23h 10m,20:50,07:00+2
2025-01-01,Qantas Airways,1 stop,"€1,810",22h 20m,13:10,22:30+1
2025-01-01,"Emirates, Qantas Airways",1 stop,"€1,810",22h 20m,13:10,22:30+1
2025-01-01,Etihad Airways,2 stops,"€1,615",25h 00m,08:25,20:25+1
2025-01-01,Etihad Airways,2 stops,"€1,615",25h 30m,08:25,20:55+1
2025-01-01,Etihad Airways,2 stops,"€1,615",26h 00m,08:25,21:25+1
2025-01-01,Etihad Airways,2 stops,"€1,615",26h 30m,08:25,21:55+1
2025-01-01,Etihad Airways,2 stops,"€1,615",27h 00m,08:25,22:25+1
2025-01-01,Qantas Airways,2 stops,"€1,774",26h 05m,20:50,09:55+2
2025-01-01,"Aer Lingus, Qantas Airways",2 stops,"€1,823",25h 10m,10:20,22:30+1
2025-01-01,Multiple Airlines,2 stops,"€1,823",25h 10m,10:20,22:30+1
2025-01-01,Multiple Airlines,2 stops,"€1,903",25h 30m,18:30,07:00+2
2025-01-01,"Aer Lingus, Qantas Airways",2 stops,"€1,903",25h 30m,10:00,22:30+1
2025-01-01,Air France,2 stops,"€1,824",26h 50m,16:40,06:30+2
2025-01-02,Qatar Airways,2 stops,"€2,872",26h 15m,07:55,21:10+1
2025-01-02,Etihad Airways,2 stops,"€1,600",36h 00m,08:25,07:25+2
2025-01-02,Finnair,2 stops,"€1,781",26h 20m,18:05,07:25+2
2025-01-02,"Emirates, Qantas Airways",1 stop,"€2,074",22h 20m,13:10,22:30+1
2025-01-02,Qantas Airways,1 stop,"€2,074",22h 20m,13:10,22:30+1
2025-01-02,Finnair,2 stops,"€1,680",30h 55m,18:05,12:00+2
2025-01-02,Finnair,2 stops,"€1,781",27h 20m,18:05,08:25+2
2025-01-02,"Emirates, Qantas Airways",1 stop,"€2,074",23h 10m,20:50,07:00+2
2025-01-02,Qantas Airways,1 stop,"€2,074",23h 10m,20:50,07:00+2
2025-01-02,Turkish Airlines,2 stops,"€1,768",29h 50m,16:50,09:40+2
2025-01-02,"Emirates, Qantas Airways",1 stop,"€2,074",30h 50m,13:10,07:00+2
2025-01-02,Qantas Airways,1 stop,"€2,074",30h 50m,13:10,07:00+2
2025-01-02,Turkish Airlines,2 stops,"€1,768",32h 00m,14:40,09:40+2
2025-01-02,"Aer Lingus, Qantas Airways",2 stops,"€2,019",25h 10m,10:20,22:30+1
2025-01-02,Turkish Airlines,2 stops,"€1,770",35h 45m,10:55,09:40+2
2025-01-02,Finnair,2 stops,"€1,777",34h 50m,09:45,07:35+2
2025-01-03,Qantas Airways,1 stop,"€2,098",22h 20m,13:10,22:30+1
2025-01-03,Turkish Airlines,2 stops,"€1,674",40h 30m,15:00,18:30+2
2025-01-03,"Emirates, Qantas Airways",1 stop,"€2,098",22h 20m,13:10,22:30+1
2025-01-03,Qantas Airways,1 stop,"€2,098",23h 10m,20:50,07:00+2
2025-01-03,"Emirates, Qantas Airways",1 stop,"€2,098",23h 10m,20:50,07:00+2
2025-01-03,"Finnair, Qantas Airways",2 stops,"€2,149",25h 25m,18:05,06:30+2
2025-01-03,"Aer Lingus, Qantas Airways",2 stops,"€2,124",25h 00m,10:30,22:30+1
2025-01-03,Multiple Airlines,2 stops,"€2,124",25h 00m,10:30,22:30+1
2025-01-03,Multiple Airlines,2 stops,"€2,115",25h 10m,10:20,22:30+1
2025-01-03,British Airways,2 stops,"€1,901",28h 00m,15:55,06:55+2
2025-01-03,KLM,3 stops,"€1,908",27h 00m,17:25,07:25+2
2025-01-03,Turkish Airlines,2 stops,"€1,812",29h 50m,16:50,09:40+2
2025-01-03,KLM,3 stops,"€2,000",26h 45m,17:25,07:10+2
2025-01-03,Finnair,2 stops,"€2,014",28h 30m,18:05,09:35+2
2025-01-03,"Finnair, Cathay Pacific",2 stops,"€2,161",28h 30m,18:05,09:35+2
2025-01-03,Turkish Airlines,2 stops,"€1,823",31h 40m,15:00,09:40+2
2025-01-04,Qatar Airways,2 stops,"€2,231",26h 15m,07:55,21:10+1
2025-01-04,"Aer Lingus, Qantas Airways",2 stops,"€1,847",25h 10m,10:20,22:30+1
2025-01-04,Finnair,2 stops,"€1,830",58h 50m,09:45,07:35+3
2025-01-04,Qantas Airways,1 stop,"€2,098",22h 20m,13:10,22:30+1
2025-01-04,Multiple Airlines,2 stops,"€1,847",25h 10m,10:20,22:30+1
2025-01-04,"Emirates, Qantas Airways",1 stop,"€2,098",22h 20m,13:10,22:30+1
2025-01-04,Qantas Airways,1 stop,"€2,098",23h 10m,20:50,07:00+2
2025-01-04,"Emirates, Qantas Airways",1 stop,"€2,098",23h 10m,20:50,07:00+2
2025-01-04,Multiple Airlines,2 stops,"€1,927",25h 30m,10:00,22:30+1
2025-01-04,Qantas Airways,1 stop,"€2,098",30h 50m,13:10,07:00+2
2025-01-04,"Emirates, Qantas Airways",1 stop,"€2,098",30h 50m,13:10,07:00+2
2025-01-04,KLM,3 stops,"€1,908",27h 05m,17:20,07:25+2
2025-01-04,KLM,2 stops,"€1,999",26h 10m,17:20,06:30+2
2025-01-04,KLM,2 stops,"€1,999",27h 05m,17:20,07:25+2
2025-01-04,KLM,2 stops,"€1,999",30h 05m,13:25,06:30+2
2025-01-04,KLM,3 stops,"€2,000",26h 50m,17:20,07:10+2
2025-01-04,Qantas Airways,1 stop,"€2,124",34h 45m,20:50,18:35+2
2025-01-05,Finnair,2 stops,"€1,476",36h 50m,09:45,09:35+2
2025-01-05,Qantas Airways,1 stop,"€1,810",22h 20m,13:10,22:30+1
2025-01-05,Finnair,2 stops,"€1,434",36h 50m,09:45,09:35+2
2025-01-05,"Emirates, Qantas Airways",1 stop,"€1,810",22h 20m,13:10,22:30+1
2025-01-05,Qantas Airways,1 stop,"€1,810",23h 10m,20:50,07:00+2
2025-01-05,"Emirates, Qantas Airways",1 stop,"€1,810",23h 10m,20:50,07:00+2
2025-01-05,Etihad Airways,2 stops,"€1,611",36h 00m,08:25,07:25+2
2025-01-05,Qantas Airways,1 stop,"€1,810",30h 50m,13:10,07:00+2
2025-01-05,"Emirates, Qantas Airways",1 stop,"€1,810",30h 50m,13:10,07:00+2
2025-01-05,Air France,2 stops,"€1,824",26h 50m,16:40,06:30+2
2025-01-05,Emirates,2 stops,"€1,797",31h 15m,13:10,07:25+2
2025-01-05,Air France,2 stops,"€1,823",27h 45m,16:40,07:25+2
2025-01-05,Emirates,2 stops,"€1,797",31h 15m,13:10,07:25+2
2025-01-05,Finnair,2 stops,"€1,777",34h 50m,09:45,07:35+2
2025-01-05,British Airways,2 stops,"€1,901",28h 05m,15:50,06:55+2
2025-01-05,Etihad Airways,2 stops,"€2,077",25h 00m,08:25,20:25+1
2025-01-06,KLM,3 stops,"€1,015",40h 45m,05:55,09:40+2
2025-01-06,KLM,3 stops,"€1,013",40h 45m,05:55,09:40+2
2025-01-06,KLM,3 stops,"€1,076",33h 15m,13:25,09:40+2
2025-01-06,Turkish Airlines,2 stops,"€1,533",29h 45m,16:55,09:40+2
2025-01-06,KLM,2 stops,"€1,088",37h 50m,08:50,09:40+2
2025-01-06,KLM,2 stops,"€1,088",40h 45m,05:55,09:40+2
2025-01-06,Qantas Airways,1 stop,"€2,033",22h 20m,13:10,22:30+1
2025-01-06,"Emirates, Qantas Airways",1 stop,"€2,074",22h 20m,13:10,22:30+1
2025-01-06,KLM,3 stops,"€1,076",37h 50m,08:50,09:40+2
2025-01-06,Etihad Airways,2 stops,"€1,448",36h 00m,08:25,07:25+2
2025-01-06,"Emirates, Qantas Airways",1 stop,"€2,074",23h 10m,20:50,07:00+2
2025-01-06,Qantas Airways,1 stop,"€2,074",23h 10m,20:50,07:00+2
2025-01-06,Finnair,2 stops,"€1,434",39h 15m,09:45,12:00+2
2025-01-06,Air France,2 stops,"€1,823",27h 45m,16:40,07:25+2
2025-01-06,Etihad Airways,2 stops,"€1,451",38h 30m,08:25,09:55+2
2025-01-06,Turkish Airlines,2 stops,"€1,534",35h 45m,10:55,09:40+2
2025-01-07,Air France,2 stops,€892,33h 55m,16:40,13:35+2
2025-01-07,Multiple Airlines,3 stops,€779,50h 25m,07:25,20:50+2
2025-01-07,Finnair,2 stops,"€1,434",28h 30m,18:05,09:35+2
2025-01-07,Finnair,2 stops,"€1,434",30h 55m,18:05,12:00+2
2025-01-07,"Emirates, Qantas Airways",1 stop,"€2,074",22h 20m,13:10,22:30+1
2025-01-07,Qantas Airways,1 stop,"€2,074",22h 20m,13:10,22:30+1
2025-01-07,Etihad Airways,2 stops,"€1,455",36h 00m,08:25,07:25+2
2025-01-07,Turkish Airlines,2 stops,"€1,405",40h 50m,14:40,18:30+2
2025-01-07,Etihad Airways,2 stops,"€1,819",25h 00m,08:25,20:25+1
2025-01-07,Qantas Airways,1 stop,"€2,074",23h 10m,20:50,07:00+2
2025-01-07,"Emirates, Qantas Airways",1 stop,"€2,074",23h 10m,20:50,07:00+2
2025-01-07,Etihad Airways,2 stops,"€1,819",26h 00m,08:25,21:25+1
2025-01-07,Air France,2 stops,"€1,824",26h 50m,16:40,06:30+2
2025-01-07,"Finnair, Cathay Pacific",2 stops,"€1,815",28h 30m,18:05,09:35+2
2025-01-07,Turkish Airlines,2 stops,"€1,421",44h 35m,10:55,18:30+2
2025-01-07,KLM,2 stops,"€1,734",31h 10m,13:25,07:35+2
2025-01-08,XiamenAir,2 stops,€931,34h 00m,13:25,10:25+2
2025-01-08,XiamenAir,2 stops,€920,34h 00m,13:25,10:25+2
2025-01-08,Multiple Airlines,3 stops,€761,38h 50m,07:25,09:15+2
2025-01-08,"Turkish Airlines, AirAsia X",2 stops,€953,29h 20m,16:55,09:15+2
2025-01-08,China Eastern,2 stops,"€1,110",30h 05m,13:25,06:30+2
2025-01-08,Etihad Airways,1 stop,"€1,606",23h 10m,08:25,18:35+1
2025-01-08,"Aer Lingus, Cathay Pacific",2 stops,"€1,249",26h 55m,06:55,20:50+1
2025-01-08,Turkish Airlines,2 stops,"€1,173",29h 45m,16:55,09:40+2
2025-01-08,KLM,3 stops,€997,33h 15m,13:25,09:40+2
2025-01-08,"British Airways, Malaysia Airlines",2 stops,"€1,181",31h 20m,16:00,10:20+2
2025-01-08,KLM,3 stops,"€1,001",37h 50m,08:50,09:40+2
2025-01-08,"British Airways, Malaysia Airlines",2 stops,"€1,139",34h 20m,13:00,10:20+2
2025-01-08,"Aer Lingus, China Eastern",2 stops,"€1,155",30h 10m,13:20,06:30+2
2025-01-08,"Scandinavian Airlines, Air India",2 stops,"€1,244",32h 40m,12:30,08:10+2
2025-01-08,"KLM, China Eastern",2 stops,"€1,162",30h 05m,13:25,06:30+2
2025-01-08,"Aer Lingus, China Eastern",2 stops,"€1,110",32h 45m,14:15,10:00+2
2025-01-08,"Aer Lingus, Cathay Pacific",2 stops,"€1,465",26h 10m,07:40,20:50+1
2025-01-09,Qatar Airways,2 stops,"€2,231",26h 15m,07:55,21:10+1
2025-01-09,Turkish Airlines,2 stops,"€1,173",29h 50m,16:50,09:40+2
2025-01-09,"Lufthansa, Hainan Airlines",3 stops,€855,46h 40m,05:15,14:55+2
2025-01-09,"British Airways, Malaysia Airlines",2 stops,"€1,181",31h 20m,16:00,10:20+2
2025-01-09,Qantas Airways,1 stop,"€1,810",22h 20m,13:10,22:30+1
2025-01-09,Turkish Airlines,2 stops,"€1,173",32h 00m,14:40,09:40+2
2025-01-09,"Emirates, Qantas Airways",1 stop,"€1,810",22h 20m,13:10,22:30+1
2025-01-09,Turkish Airlines,2 stops,"€1,253",35h 45m,10:55,09:40+2
2025-01-09,"British Airways, Malaysia Airlines",2 stops,"€1,182",36h 10m,11:10,10:20+2
2025-01-09,"British Airways, Malaysia Airlines",2 stops,"€1,183",40h 20m,07:00,10:20+2
2025-01-09,"British Airways, Malaysia Airlines",2 stops,"€1,187",41h 35m,16:00,20:35+2
2025-01-09,"Finnair, Juneyao Airlines",2 stops,"€1,382",33h 45m,09:45,06:30+2
2025-01-09,Finnair,2 stops,"€1,781",26h 20m,18:05,07:25+2
2025-01-09,Qantas Airways,1 stop,"€2,074",23h 10m,20:50,07:00+2
2025-01-09,Finnair,2 stops,"€1,781",27h 20m,18:05,08:25+2
2025-01-09,"Emirates, Qantas Airways",1 stop,"€2,074",23h 10m,20:50,07:00+2
2025-01-09,KLM,2 stops,"€1,705",31h 10m,13:25,07:35+2
2025-01-10,Turkish Airlines,2 stops,"€1,201",38h 40m,16:50,18:30+2
2025-01-10,KLM,3 stops,€905,27h 00m,17:25,07:25+2
2025-01-10,"Emirates, Qantas Airways",1 stop,"€1,628",22h 20m,13:10,22:30+1
2025-01-10,Qantas Airways,1 stop,"€1,669",22h 20m,13:10,22:30+1
2025-01-10,Turkish Airlines,2 stops,"€1,180",38h 40m,16:50,18:30+2
2025-01-10,Turkish Airlines,2 stops,"€1,180",40h 30m,15:00,18:30+2
2025-01-10,Multiple Airlines,2 stops,"€1,197",34h 10m,13:05,10:15+2
2025-01-10,Turkish Airlines,2 stops,"€1,428",29h 50m,16:50,09:40+2
2025-01-10,KLM,3 stops,"€1,285",33h 15m,13:25,09:40+2
2025-01-10,Turkish Airlines,2 stops,"€1,410",31h 40m,15:00,09:40+2
2025-01-10,Multiple Airlines,2 stops,"€1,197",35h 10m,12:05,10:15+2
2025-01-10,"Air France, T'way Air",2 stops,"€1,334",30h 35m,16:40,10:15+2
2025-01-10,"Emirates, Qantas Airways",1 stop,"€2,046",23h 10m,20:50,07:00+2
2025-01-10,Qantas Airways,1 stop,"€2,098",23h 10m,20:50,07:00+2
2025-01-10,"Emirates, Qantas Airways",1 stop,"€1,746",34h 45m,20:50,18:35+2
2025-01-10,"Finnair, Jetstar",3 stops,"€1,308",30h 55m,18:05,12:00+2
2025-01-11,KLM,3 stops,"€1,175",26h 50m,17:20,07:10+2
2025-01-11,Qantas Airways,1 stop,"€1,628",23h 10m,20:50,07:00+2
2025-01-11,"Emirates, Qantas Airways",1 stop,"€1,628",23h 10m,20:50,07:00+2
2025-01-11,Qantas Airways,1 stop,"€1,789",22h 20m,13:10,22:30+1
2025-01-11,"Emirates, Qantas Airways",1 stop,"€1,789",22h 20m,13:10,22:30+1
2025-01-11,Multiple Airlines,2 stops,"€1,723",25h 30m,18:30,07:00+2
2025-01-11,Etihad Airways,2 stops,"€1,808",25h 00m,08:25,20:25+1
2025-01-11,Etihad Airways,2 stops,"€1,834",25h 30m,08:25,20:55+1
2025-01-11,Qantas Airways,1 stop,"€1,628",30h 50m,13:10,07:00+2
2025-01-11,"Emirates, Qantas Airways",1 stop,"€1,628",30h 50m,13:10,07:00+2
2025-01-11,Etihad Airways,2 stops,"€1,834",26h 00m,08:25,21:25+1
2025-01-11,Etihad Airways,2 stops,"€1,834",26h 30m,08:25,21:55+1
2025-01-11,Air France,2 stops,"€1,824",26h 50m,16:40,06:30+2
2025-01-11,Etihad Airways,2 stops,"€1,808",27h 00m,08:25,22:25+1
2025-01-11,Multiple Airlines,2 stops,"€1,913",25h 30m,10:00,22:30+1
2025-01-12,Air France,2 stops,€874,33h 55m,16:40,13:35+2
2025-01-12,Air France,2 stops,€874,33h 55m,16:40,13:35+2
2025-01-12,KLM,3 stops,"€1,171",26h 50m,17:20,07:10+2
2025-01-12,"Emirates, Qantas Airways",1 stop,"€1,603",22h 20m,13:10,22:30+1
2025-01-12,Qantas Airways,1 stop,"€1,603",22h 20m,13:10,22:30+1
2025-01-12,KLM,2 stops,"€1,290",28h 05m,17:20,08:25+2
2025-01-12,"British Airways, Malaysia Airlines",2 stops,"€1,180",32h 05m,15:15,10:20+2
2025-01-12,Air France,2 stops,€892,41h 40m,08:55,13:35+2
2025-01-12,"Emirates, Qantas Airways",1 stop,"€1,603",23h 10m,20:50,07:00+2
2025-01-12,Qantas Airways,1 stop,"€1,603",23h 10m,20:50,07:00+2
2025-01-12,Air France,2 stops,€904,44h 35m,06:00,13:35+2
2025-01-12,KLM,3 stops,"€1,171",30h 45m,13:25,07:10+2
2025-01-12,Air France,2 stops,"€1,369",30h 15m,16:40,09:55+2
2025-01-12,KLM,2 stops,"€1,290",32h 00m,13:25,08:25+2
2025-01-12,"British Airways, Malaysia Airlines",2 stops,"€1,182",37h 25m,20:10,20:35+2
2025-01-12,Turkish Airlines,2 stops,"€1,180",38h 40m,16:50,18:30+2
2025-01-13,"Turkish Airlines, Batik Air",2 stops,"€1,236",26h 20m,16:55,06:15+2
2025-01-13,"Turkish Airlines, AirAsia X",2 stops,€895,29h 20m,16:55,09:15+2
2025-01-13,Multiple Airlines,3 stops,€847,32h 55m,13:20,09:15+2
2025-01-13,Etihad Airways,1 stop,"€1,420",23h 10m,08:25,18:35+1
2025-01-13,"Turkish Airlines, Batik Air",2 stops,"€1,183",26h 20m,16:55,06:15+2
2025-01-13,XiamenAir,2 stops,"€1,026",34h 00m,13:25,10:25+2
2025-01-13,China Eastern,2 stops,"€1,110",30h 05m,13:25,06:30+2
2025-01-13,KLM,3 stops,"€1,171",26h 45m,17:25,07:10+2
2025-01-13,"British Airways, Malaysia Airlines",2 stops,"€1,138",29h 30m,17:50,10:20+2
2025-01-13,"British Airways, Malaysia Airlines",2 stops,"€1,138",31h 20m,16:00,10:20+2
2025-01-13,Emirates,1 stop,"€1,589",22h 20m,13:10,22:30+1
2025-01-13,"Aer Lingus, Cathay Pacific",2 stops,"€1,261",27h 35m,06:15,20:50+1
2025-01-13,Qantas Airways,1 stop,"€1,603",22h 20m,13:10,22:30+1
2025-01-13,"Emirates, Qantas Airways",1 stop,"€1,603",22h 20m,13:10,22:30+1
2025-01-13,"Aer Lingus, Malaysia Airlines",2 stops,"€1,319",26h 55m,06:40,20:35+1
2025-01-13,KLM,3 stops,"€1,171",30h 45m,13:25,07:10+2
2025-01-13,"British Airways, Malaysia Airlines",2 stops,"€1,181",31h 20m,16:00,10:20+2
2025-01-14,Qatar Airways,2 stops,"€1,642",27h 15m,07:55,22:10+1
2025-01-14,KLM,3 stops,"€1,084",26h 45m,17:25,07:10+2
2025-01-14,"Emirates, Qantas Airways",1 stop,"€1,603",22h 20m,13:10,22:30+1
2025-01-14,Qantas Airways,1 stop,"€1,603",22h 20m,13:10,22:30+1
2025-01-14,KLM,3 stops,"€1,084",30h 45m,13:25,07:10+2
2025-01-14,Turkish Airlines,2 stops,"€1,180",38h 40m,16:50,18:30+2
2025-01-14,Qantas Airways,1 stop,"€1,603",23h 10m,20:50,07:00+2
2025-01-14,"Emirates, Qantas Airways",1 stop,"€1,603",23h 10m,20:50,07:00+2
2025-01-14,Finnair,2 stops,"€1,434",30h 55m,18:05,12:00+2
2025-01-14,Turkish Airlines,2 stops,"€1,180",40h 50m,14:40,18:30+2
2025-01-14,Qantas Airways,1 stop,"€1,603",30h 50m,13:10,07:00+2
2025-01-14,Turkish Airlines,2 stops,"€1,180",44h 35m,10:55,18:30+2
2025-01-14,"Emirates, Qantas Airways",1 stop,"€1,603",30h 50m,13:10,07:00+2
2025-01-14,Etihad Airways,2 stops,"€1,600",25h 00m,08:25,20:25+1
2025-01-14,Qatar Airways,2 stops,"€1,586",27h 15m,07:55,22:10+1
2025-01-14,Etihad Airways,2 stops,"€1,600",26h 00m,08:25,21:25+1
2025-01-15,KLM,3 stops,€933,33h 15m,13:25,09:40+2
2025-01-15,KLM,3 stops,€933,33h 15m,13:25,09:40+2
2025-01-15,Turkish Airlines,2 stops,"€1,173",29h 45m,16:55,09:40+2
2025-01-15,KLM,3 stops,"€1,171",26h 45m,17:25,07:10+2
2025-01-15,"British Airways, Malaysia Airlines",2 stops,"€1,180",31h 20m,16:00,10:20+2
2025-01-15,Qantas Airways,1 stop,"€1,764",22h 20m,13:10,22:30+1
2025-01-15,KLM,3 stops,€947,37h 50m,08:50,09:40+2
2025-01-15,"Qatar Airways, AirAsia X",2 stops,"€1,052",32h 05m,14:10,09:15+2
2025-01-15,"Emirates, Qantas Airways",1 stop,"€1,764",22h 20m,13:10,22:30+1
2025-01-15,Qantas Airways,1 stop,"€1,764",23h 10m,20:50,07:00+2
2025-01-15,"Emirates, Qantas Airways",1 stop,"€1,764",23h 10m,20:50,07:00+2
2025-01-15,KLM,3 stops,€947,40h 45m,05:55,09:40+2
2025-01-15,"Emirates, Qantas Airways",1 stop,"€1,566",34h 45m,20:50,18:35+2
2025-01-15,KLM,3 stops,"€1,171",30h 45m,13:25,07:10+2
2025-01-15,Turkish Airlines,2 stops,"€1,174",35h 45m,10:55,09:40+2
2025-01-15,"British Airways, Malaysia Airlines",2 stops,"€1,181",36h 10m,11:10,10:20+2
2025-01-16,"British Airways, Malaysia Airlines",2 stops,"€1,183",31h 20m,16:00,10:20+2
2025-01-16,Turkish Airlines,2 stops,"€1,174",29h 50m,16:50,09:40+2
2025-01-16,"Transavia France, Sichuan Airlines",3 stops,€723,56h 30m,19:55,15:25+3
2025-01-16,KLM,3 stops,"€1,171",26h 45m,17:25,07:10+2
2025-01-16,"British Airways, Malaysia Airlines",2 stops,"€1,180",31h 20m,16:00,10:20+2
2025-01-16,Turkish Airlines,2 stops,"€1,174",32h 00m,14:40,09:40+2
2025-01-16,"Emirates, Qantas Airways",1 stop,"€1,764",22h 20m,13:10,22:30+1
2025-01-16,Qantas Airways,1 stop,"€1,764",22h 20m,13:10,22:30+1
2025-01-16,KLM,3 stops,"€1,171",30h 45m,13:25,07:10+2
2025-01-16,"Emirates, Qantas Airways",1 stop,"€1,764",23h 10m,20:50,07:00+2
2025-01-16,Qantas Airways,1 stop,"€1,764",23h 10m,20:50,07:00+2
2025-01-16,Multiple Airlines,2 stops,"€1,155",31h 45m,15:30,10:15+2
2025-01-16,Turkish Airlines,2 stops,"€1,175",35h 45m,10:55,09:40+2
2025-01-16,"British Airways, Malaysia Airlines",2 stops,"€1,181",36h 10m,11:10,10:20+2
2025-01-16,"Finnair, Scoot",3 stops,"€1,116",31h 45m,18:05,12:50+2
2025-01-16,Etihad Airways,2 stops,"€1,595",25h 00m,08:25,20:25+1
2025-01-16,Multiple Airlines,2 stops,"€1,155",33h 00m,14:15,10:15+2
2025-01-17,Qatar Airways,2 stops,"€2,251",30h 15m,14:10,07:25+2
2025-01-17,KLM,3 stops,"€1,171",26h 45m,17:25,07:10+2
2025-01-17,"SWISS, China Eastern",3 stops,"€1,052",48h 50m,18:40,06:30+3
2025-01-17,Qantas Airways,1 stop,"€1,628",23h 10m,20:50,07:00+2
2025-01-17,Turkish Airlines,2 stops,"€1,183",29h 50m,16:50,09:40+2
2025-01-17,"Emirates, Qantas Airways",1 stop,"€1,628",23h 10m,20:50,07:00+2
2025-01-17,"British Airways, Malaysia Airlines",2 stops,"€1,183",31h 20m,16:00,10:20+2
2025-01-17,Turkish Airlines,2 stops,"€1,182",31h 40m,15:00,09:40+2
2025-01-17,KLM,3 stops,"€1,098",37h 50m,08:50,09:40+2
2025-01-17,Qantas Airways,1 stop,"€1,480",34h 45m,20:50,18:35+2
2025-01-17,KLM,3 stops,"€1,171",30h 45m,13:25,07:10+2
2025-01-17,Qantas Airways,1 stop,"€1,789",22h 20m,13:10,22:30+1
2025-01-17,"Emirates, Qantas Airways",1 stop,"€1,789",22h 20m,13:10,22:30+1
2025-01-17,British Airways,2 stops,"€1,551",25h 40m,18:15,06:55+2
2025-01-17,Turkish Airlines,2 stops,"€1,183",35h 45m,10:55,09:40+2
2025-01-17,"British Airways, Malaysia Airlines",2 stops,"€1,184",36h 10m,11:10,10:20+2
2025-01-17,KLM,3 stops,"€1,165",33h 15m,13:25,09:40+2
2025-01-18,Qatar Airways,2 stops,"€1,681",27h 15m,07:55,22:10+1
2025-01-18,KLM,3 stops,€933,33h 15m,13:25,09:40+2
2025-01-18,Qantas Airways,1 stop,"€1,628",22h 20m,13:10,22:30+1
2025-01-18,KLM,3 stops,"€1,171",26h 50m,17:20,07:10+2
2025-01-18,KLM,2 stops,€940,40h 45m,05:55,09:40+2
2025-01-18,"Emirates, Qantas Airways",1 stop,"€1,628",22h 20m,13:10,22:30+1
2025-01-18,Qantas Airways,1 stop,"€1,628",23h 10m,20:50,07:00+2
2025-01-18,"Emirates, Qantas Airways",1 stop,"€1,628",23h 10m,20:50,07:00+2
2025-01-18,KLM,3 stops,€933,37h 50m,08:50,09:40+2
2025-01-18,"British Airways, Malaysia Airlines",2 stops,"€1,184",38h 05m,09:15,10:20+2
2025-01-18,KLM,3 stops,"€1,171",30h 45m,13:25,07:10+2
2025-01-18,KLM,3 stops,€939,40h 45m,05:55,09:40+2
2025-01-18,Qantas Airways,1 stop,"€1,601",30h 50m,13:10,07:00+2
2025-01-18,"Emirates, Qantas Airways",1 stop,"€1,628",30h 50m,13:10,07:00+2
2025-01-18,KLM,3 stops,"€1,171",35h 20m,08:50,07:10+2
2025-01-18,Etihad Airways,2 stops,"€1,610",25h 30m,08:25,20:55+1
2025-01-19,Air France,2 stops,€894,33h 55m,16:40,13:35+2
2025-01-19,Air France,2 stops,€894,33h 55m,16:40,13:35+2
2025-01-19,KLM,3 stops,€939,26h 50m,17:20,07:10+2
2025-01-19,Air France,2 stops,"€1,116",27h 45m,16:40,07:25+2
2025-01-19,KLM,3 stops,€939,30h 45m,13:25,07:10+2
2025-01-19,Qantas Airways,1 stop,"€1,603",22h 20m,13:10,22:30+1
2025-01-19,"Emirates, Qantas Airways",1 stop,"€1,603",22h 20m,13:10,22:30+1
2025-01-19,Air France,2 stops,€894,41h 40m,08:55,13:35+2
2025-01-19,KLM,2 stops,"€1,290",27h 05m,17:20,07:25+2
2025-01-19,Qantas Airways,1 stop,"€1,603",23h 10m,20:50,07:00+2
2025-01-19,"Emirates, Qantas Airways",1 stop,"€1,603",23h 10m,20:50,07:00+2
2025-01-19,"British Airways, Malaysia Airlines",2 stops,"€1,182",32h 05m,15:15,10:20+2
2025-01-19,KLM,3 stops,€939,35h 20m,08:50,07:10+2
2025-01-19,Air France,2 stops,€904,44h 35m,06:00,13:35+2
2025-01-19,Multiple Airlines,2 stops,"€1,131",31h 45m,15:30,10:15+2
2025-01-19,Air France,2 stops,"€1,116",35h 30m,08:55,07:25+2
2025-01-20,KLM,3 stops,€939,26h 45m,17:25,07:10+2
2025-01-20,KLM,3 stops,€939,26h 45m,17:25,07:10+2
2025-01-20,Turkish Airlines,2 stops,"€1,109",29h 45m,16:55,09:40+2
2025-01-20,Qantas Airways,1 stop,"€1,603",22h 20m,13:10,22:30+1
2025-01-20,"Emirates, Qantas Airways",1 stop,"€1,603",22h 20m,13:10,22:30+1
2025-01-20,Qantas Airways,1 stop,"€1,603",23h 10m,20:50,07:00+2
2025-01-20,"Emirates, Qantas Airways",1 stop,"€1,603",23h 10m,20:50,07:00+2
2025-01-20,British Airways,2 stops,"€1,539",26h 05m,17:50,06:55+2
2025-01-20,Etihad Airways,2 stops,"€1,595",25h 00m,08:25,20:25+1
2025-01-20,Qatar Airways,2 stops,"€1,496",27h 15m,07:55,22:10+1
2025-01-20,Qatar Airways,2 stops,"€1,556",26h 30m,07:55,21:25+1
2025-01-20,Etihad Airways,2 stops,"€1,595",26h 00m,08:25,21:25+1
2025-01-20,British Airways,2 stops,"€1,540",27h 55m,16:00,06:55+2
2025-01-20,British Airways,2 stops,"€1,541",27h 55m,16:00,06:55+2
2025-01-20,Qatar Airways,2 stops,"€1,556",27h 00m,07:55,21:55+1
2025-01-20,Etihad Airways,2 stops,"€1,595",26h 30m,08:25,21:55+1
2025-01-21,Qantas Airways,1 stop,"€1,456",22h 20m,13:10,22:30+1
2025-01-21,Turkish Airlines,2 stops,"€1,021",38h 40m,16:50,18:30+2
2025-01-21,Finnair,2 stops,"€1,592",26h 20m,18:05,07:25+2
2025-01-21,Etihad Airways,2 stops,"€1,494",36h 00m,08:25,07:25+2
2025-01-21,Turkish Airlines,2 stops,"€1,021",44h 35m,10:55,18:30+2
2025-01-21,Etihad Airways,2 stops,"€1,494",37h 15m,08:25,08:40+2
2025-01-21,Finnair,2 stops,"€1,488",39h 45m,18:05,20:50+2
2025-01-21,Finnair,2 stops,"€1,830",50h 30m,18:05,07:35+3
2025-01-21,Finnair,2 stops,"€1,830",50h 30m,18:05,07:35+3
2025-01-21,Finnair,2 stops,"€1,866",61h 45m,18:05,18:50+3
2025-01-22,Qatar Airways,2 stops,"€1,549",27h 15m,07:55,22:10+1
2025-01-22,KLM,3 stops,€942,26h 45m,17:25,07:10+2
2025-01-22,Air France,2 stops,"€1,118",26h 50m,16:40,06:30+2
2025-01-22,Qantas Airways,1 stop,"€1,443",22h 20m,13:10,22:30+1
2025-01-22,Air France,2 stops,"€1,118",27h 45m,16:40,07:25+2
2025-01-22,"Emirates, Qantas Airways",1 stop,"€1,443",22h 20m,13:10,22:30+1
2025-01-22,Turkish Airlines,2 stops,"€1,114",29h 45m,16:55,09:40+2
2025-01-22,Turkish Airlines,2 stops,"€1,007",38h 35m,16:55,18:30+2
2025-01-22,Qantas Airways,1 stop,"€1,443",23h 10m,20:50,07:00+2
2025-01-22,"Emirates, Qantas Airways",1 stop,"€1,443",23h 10m,20:50,07:00+2
2025-01-22,Turkish Airlines,2 stops,"€1,007",44h 35m,10:55,18:30+2
2025-01-22,KLM,2 stops,"€1,293",26h 05m,17:25,06:30+2
2025-01-22,Turkish Airlines,2 stops,"€1,115",35h 45m,10:55,09:40+2
2025-01-22,Air France,2 stops,"€1,141",35h 30m,08:55,07:25+2
2025-01-22,"Emirates, Qantas Airways",1 stop,"€1,443",30h 50m,13:10,07:00+2
2025-01-22,KLM,2 stops,"€1,293",27h 00m,17:25,07:25+2
2025-01-23,Qatar Airways,2 stops,"€1,634",27h 15m,07:55,22:10+1
2025-01-23,KLM,3 stops,€939,26h 45m,17:25,07:10+2
2025-01-23,Qantas Airways,1 stop,"€1,443",22h 20m,13:10,22:30+1
2025-01-23,"Emirates, Qantas Airways",1 stop,"€1,443",22h 20m,13:10,22:30+1
2025-01-23,Etihad Airways,2 stops,"€1,323",25h 00m,08:25,20:25+1
2025-01-23,Etihad Airways,2 stops,"€1,323",25h 30m,08:25,20:55+1
2025-01-23,Qantas Airways,1 stop,"€1,603",23h 10m,20:50,07:00+2
2025-01-23,"Emirates, Qantas Airways",1 stop,"€1,603",23h 10m,20:50,07:00+2
2025-01-23,Etihad Airways,2 stops,"€1,323",25h 45m,08:25,21:10+1
2025-01-23,KLM,3 stops,€939,30h 45m,13:25,07:10+2
2025-01-23,Etihad Airways,2 stops,"€1,323",26h 00m,08:25,21:25+1
2025-01-23,Etihad Airways,2 stops,"€1,323",26h 30m,08:25,21:55+1
2025-01-23,Etihad Airways,2 stops,"€1,323",27h 00m,08:25,22:25+1
2025-01-23,Multiple Airlines,2 stops,"€1,509",25h 30m,10:00,22:30+1
2025-01-23,"Aer Lingus, Qantas Airways",2 stops,"€1,509",25h 30m,10:00,22:30+1
2025-01-23,Multiple Airlines,2 stops,"€1,576",25h 10m,10:20,22:30+1
2025-01-24,Turkish Airlines,2 stops,€936,38h 40m,16:50,18:30+2
2025-01-24,KLM,3 stops,€933,33h 15m,13:25,09:40+2
2025-01-24,"Emirates, Qantas Airways",1 stop,"€1,434",22h 20m,13:10,22:30+1
2025-01-24,Qantas Airways,1 stop,"€1,445",22h 20m,13:10,22:30+1
2025-01-24,KLM,3 stops,"€1,081",26h 45m,17:25,07:10+2
2025-01-24,Turkish Airlines,2 stops,"€1,109",29h 50m,16:50,09:40+2
2025-01-24,Turkish Airlines,2 stops,"€1,098",31h 40m,15:00,09:40+2
2025-01-24,Turkish Airlines,2 stops,€936,38h 40m,16:50,18:30+2
2025-01-24,Qantas Airways,1 stop,"€1,468",23h 10m,20:50,07:00+2
2025-01-24,"Emirates, Qantas Airways",1 stop,"€1,468",23h 10m,20:50,07:00+2
2025-01-24,Turkish Airlines,2 stops,€936,40h 30m,15:00,18:30+2
2025-01-24,KLM,2 stops,"€1,290",28h 00m,17:25,08:25+2
2025-01-24,"British Airways, Malaysia Airlines",2 stops,"€1,182",31h 20m,16:00,10:20+2
2025-01-24,KLM,3 stops,€947,37h 50m,08:50,09:40+2
2025-01-24,KLM,3 stops,"€1,081",30h 45m,13:25,07:10+2
2025-01-24,Turkish Airlines,2 stops,€936,44h 35m,10:55,18:30+2
2025-01-25,KLM,2 stops,€901,40h 45m,05:55,09:40+2
2025-01-25,Qantas Airways,1 stop,"€1,480",22h 20m,13:10,22:30+1
2025-01-25,Multiple Airlines,3 stops,€751,58h 25m,18:00,15:25+3
2025-01-25,KLM,3 stops,€879,33h 15m,13:25,09:40+2
2025-01-25,KLM,2 stops,€895,40h 45m,05:55,09:40+2
2025-01-25,KLM,3 stops,"€1,171",26h 50m,17:20,07:10+2
2025-01-25,Etihad Airways,2 stops,"€1,013",38h 15m,08:25,09:40+2
2025-01-25,Qantas Airways,1 stop,"€1,650",23h 10m,20:50,07:00+2
2025-01-25,KLM,3 stops,€933,37h 50m,08:50,09:40+2
2025-01-25,Etihad Airways,2 stops,"€1,013",38h 15m,08:25,09:40+2
2025-01-25,KLM,3 stops,€893,40h 45m,05:55,09:40+2
2025-01-25,Etihad Airways,2 stops,"€1,459",25h 00m,08:25,20:25+1
2025-01-25,Qantas Airways,1 stop,"€1,480",34h 45m,20:50,18:35+2
2025-01-25,KLM,3 stops,"€1,171",30h 45m,13:25,07:10+2
2025-01-25,British Airways,2 stops,"€1,417",27h 50m,16:05,06:55+2
2025-01-25,Etihad Airways,2 stops,"€1,459",26h 00m,08:25,21:25+1
2025-01-25,KLM,3 stops,"€1,171",35h 20m,08:50,07:10+2
2025-01-26,Qatar Airways,2 stops,"€1,537",27h 30m,07:55,22:25+1
2025-01-26,Turkish Airlines,2 stops,€811,38h 40m,16:50,18:30+2
2025-01-26,Multiple Airlines,3 stops,€755,53h 05m,23:20,15:25+3
2025-01-26,Turkish Airlines,2 stops,€806,40h 50m,14:40,18:30+2
2025-01-26,KLM,3 stops,"€1,081",26h 50m,17:20,07:10+2
2025-01-26,"Emirates, Qantas Airways",1 stop,"€1,409",23h 10m,20:50,07:00+2
2025-01-26,Qantas Airways,1 stop,"€1,420",23h 10m,20:50,07:00+2
2025-01-26,Air France,2 stops,"€1,043",33h 55m,16:40,13:35+2
2025-01-26,Turkish Airlines,2 stops,€806,44h 35m,10:55,18:30+2
2025-01-26,KLM,2 stops,"€1,290",28h 05m,17:20,08:25+2
2025-01-26,"British Airways, Malaysia Airlines",2 stops,"€1,182",32h 05m,15:15,10:20+2
2025-01-26,KLM,3 stops,"€1,004",35h 20m,08:50,07:10+2
2025-01-26,Qantas Airways,1 stop,"€1,603",22h 20m,13:10,22:30+1
2025-01-26,"Emirates, Qantas Airways",1 stop,"€1,603",22h 20m,13:10,22:30+1
2025-01-26,Qantas Airways,1 stop,"€1,356",34h 45m,20:50,18:35+2
2025-01-26,Air France,2 stops,"€1,043",41h 40m,08:55,13:35+2
2025-01-26,KLM,3 stops,"€1,018",38h 15m,05:55,07:10+2
2025-01-27,Qatar Airways,2 stops,"€1,498",27h 30m,07:55,22:25+1
2025-01-27,KLM,3 stops,€886,26h 45m,17:25,07:10+2
2025-01-27,KLM,3 stops,€879,33h 15m,13:25,09:40+2
2025-01-27,Qantas Airways,1 stop,"€1,345",22h 20m,13:10,22:30+1
2025-01-27,"Emirates, Qantas Airways",1 stop,"€1,345",22h 20m,13:10,22:30+1
2025-01-27,KLM,3 stops,€886,30h 45m,13:25,07:10+2
2025-01-27,Air France,2 stops,"€1,116",27h 45m,16:40,07:25+2
2025-01-27,British Airways,2 stops,"€1,132",27h 55m,16:00,06:55+2
2025-01-27,KLM,3 stops,"€1,008",27h 00m,17:25,07:25+2
2025-01-27,Turkish Airlines,2 stops,"€1,109",29h 45m,16:55,09:40+2
2025-01-27,KLM,2 stops,€945,37h 50m,08:50,09:40+2
2025-01-27,KLM,3 stops,€886,35h 20m,08:50,07:10+2
2025-01-27,KLM,3 stops,"€1,008",31h 00m,13:25,07:25+2
2025-01-27,"Emirates, Qantas Airways",1 stop,"€1,603",23h 10m,20:50,07:00+2
2025-01-27,Qantas Airways,1 stop,"€1,603",23h 10m,20:50,07:00+2
2025-01-27,KLM,3 stops,€893,37h 50m,08:50,09:40+2
2025-01-28,KLM,3 stops,€888,26h 45m,17:25,07:10+2
2025-01-28,Turkish Airlines,2 stops,€811,38h 40m,16:50,18:30+2
2025-01-28,Qantas Airways,1 stop,"€1,345",22h 20m,13:10,22:30+1
2025-01-28,"Emirates, Qantas Airways",1 stop,"€1,345",22h 20m,13:10,22:30+1
2025-01-28,KLM,3 stops,"€1,011",27h 00m,17:25,07:25+2
2025-01-28,KLM,3 stops,€888,30h 45m,13:25,07:10+2
2025-01-28,Etihad Airways,2 stops,"€1,342",25h 00m,08:25,20:25+1
2025-01-28,Etihad Airways,2 stops,"€1,342",26h 30m,08:25,21:55+1
2025-01-28,Multiple Airlines,2 stops,"€1,395",25h 30m,10:00,22:30+1
2025-01-28,"Aer Lingus, Qantas Airways",2 stops,"€1,395",25h 30m,10:00,22:30+1
2025-01-28,Multiple Airlines,2 stops,"€1,462",25h 10m,10:20,22:30+1
2025-01-28,"Aer Lingus, Qantas Airways",2 stops,"€1,462",25h 10m,10:20,22:30+1
2025-01-28,British Airways,2 stops,"€1,432",26h 00m,17:55,06:55+2
2025-01-28,Qatar Airways,2 stops,"€1,387",27h 30m,07:55,22:25+1
2025-01-28,Qatar Airways,2 stops,"€1,439",27h 00m,07:55,21:55+1
2025-01-29,Qatar Airways,2 stops,"€1,490",26h 30m,07:55,21:25+1
2025-01-29,KLM,3 stops,€886,26h 45m,17:25,07:10+2
2025-01-29,Turkish Airlines,2 stops,€800,38h 35m,16:55,18:30+2
2025-01-29,KLM,3 stops,€886,27h 00m,17:25,07:25+2
2025-01-29,Qantas Airways,1 stop,"€1,345",22h 20m,13:10,22:30+1
2025-01-29,"Emirates, Qantas Airways",1 stop,"€1,345",22h 20m,13:10,22:30+1
2025-01-29,KLM,3 stops,€886,30h 45m,13:25,07:10+2
2025-01-29,KLM,3 stops,€886,31h 00m,13:25,07:25+2
2025-01-29,Qantas Airways,1 stop,"€1,443",23h 10m,20:50,07:00+2
2025-01-29,"Emirates, Qantas Airways",1 stop,"€1,443",23h 10m,20:50,07:00+2
2025-01-29,Turkish Airlines,2 stops,"€1,109",29h 45m,16:55,09:40+2
2025-01-29,KLM,3 stops,€879,33h 15m,13:25,09:40+2
2025-01-29,Etihad Airways,2 stops,"€1,323",25h 00m,08:25,20:25+1
2025-01-29,Etihad Airways,2 stops,"€1,323",25h 30m,08:25,20:55+1
2025-01-29,Etihad Airways,2 stops,"€1,323",26h 00m,08:25,21:25+1
2025-01-29,Etihad Airways,2 stops,"€1,323",26h 30m,08:25,21:55+1
2025-01-30,Qatar Airways,2 stops,"€1,395",26h 30m,07:55,21:25+1
2025-01-30,KLM,3 stops,€888,26h 45m,17:25,07:10+2
2025-01-30,Qantas Airways,1 stop,"€1,297",22h 20m,13:10,22:30+1
2025-01-30,Air France,2 stops,"€1,118",26h 50m,16:40,06:30+2
2025-01-30,KLM,3 stops,"€1,011",27h 00m,17:25,07:25+2
2025-01-30,"Emirates, Qantas Airways",1 stop,"€1,345",22h 20m,13:10,22:30+1
2025-01-30,Air France,2 stops,"€1,141",28h 45m,16:40,08:25+2
2025-01-30,Qantas Airways,1 stop,"€1,345",23h 10m,20:50,07:00+2
2025-01-30,"Emirates, Qantas Airways",1 stop,"€1,345",23h 10m,20:50,07:00+2
2025-01-30,Qantas Airways,1 stop,"€1,257",34h 45m,20:50,18:35+2
2025-01-30,Turkish Airlines,2 stops,"€1,183",29h 50m,16:50,09:40+2
2025-01-30,KLM,3 stops,"€1,105",31h 00m,13:25,07:25+2
2025-01-30,Air France,2 stops,"€1,141",34h 35m,08:55,06:30+2
2025-01-30,Turkish Airlines,2 stops,"€1,183",32h 00m,14:40,09:40+2
2025-01-30,KLM,2 stops,"€1,293",26h 05m,17:25,06:30+2
2025-01-30,KLM,3 stops,"€1,105",35h 35m,08:50,07:25+2
