Airline_1,Airline_2
Aer Lingus, Cathay Pacific
SWISS,
Qantas Airways,
Air France,
Lufthansa,
Lufthansa, Cathay Pacific
Lufthansa, Qantas Airways
SWISS, Qantas Airways
Emirates,
SWISS, Scoot
Emirates, Qantas Airways
Turkish Airlines,
Turkish Airlines, Qantas Airways
Qantas Airways,
Aer Lingus, Malaysia Airlines
Aer Lingus, Cathay Pacific
Aer Lingus, China Eastern
Multiple Airlines,
Aer Lingus, Cathay Pacific
Aer Lingus, China Eastern
Aer Lingus, China Eastern
Aer Lingus, Cathay Pacific
Aer Lingus, Malaysia Airlines
Emirates, Qantas Airways
Qantas Airways,
Emirates,
United Airlines,
British Airways, China Eastern
Emirates,
Multiple Airlines,
Qatar Airways,
Qantas Airways,
Finnair,
Emirates, Qantas Airways
SWISS,
British Airways,
Finnair,
British Airways, Malaysia Airlines
British Airways,
Lufthansa,
Qantas Airways,
Qantas Airways,
Emirates, Qantas Airways
Finnair,
British Airways,
Lufthansa,
Qantas Airways,
Finnair,
Qantas Airways,
Multiple Airlines,
Emirates, Qantas Airways
SWISS,
SWISS, Qantas Airways
Emirates, Qantas Airways
Multiple Airlines,
Finnair,
Qantas Airways,
Multiple Airlines,
Qantas Airways,
SWISS, Cathay Pacific
Emirates, Qantas Airways
Finnair,
SWISS,
Qantas Airways,
KLM,
Qantas Airways,
Multiple Airlines,
Emirates, Qantas Airways
SWISS, Qantas Airways
Qantas Airways,
Qantas Airways,
Qantas Airways,
Qantas Airways,
Qantas Airways,
Etihad Airways,
Qantas Airways,
Etihad Airways,
British Airways,
Etihad Airways,
Qantas Airways,
British Airways, Malaysia Airlines
British Airways,
Multiple Airlines,
Emirates, Qantas Airways
British Airways,
Qantas Airways,
Qantas Airways,
Emirates, Qantas Airways
British Airways,
Air France,
British Airways,
Air France,
British Airways,
Multiple Airlines,
Aer Lingus, Qantas Airways
Turkish Airlines,
British Airways,
British Airways, Malaysia Airlines
Aer Lingus, China Eastern
Multiple Airlines,
Aer Lingus, Cathay Pacific
Emirates, Qantas Airways
British Airways, Malaysia Airlines
Aer Lingus, China Eastern
Emirates,
Qantas Airways,
British Airways, China Eastern
Aer Lingus, Air China
Aer Lingus, China Eastern
Hainan Airlines, China Southern
British Airways, China Eastern
Aer Lingus, Malaysia Airlines
Aer Lingus, Malaysia Airlines
Qatar Airways,
Qatar Airways, XiamenAir
Qantas Airways,
British Airways, Malaysia Airlines
Qatar Airways, AirAsia X
Qantas Airways,
Emirates, Qantas Airways
Qantas Airways,
British Airways, Malaysia Airlines
British Airways, China Airlines
Qantas Airways,
Lufthansa,
Etihad Airways,
Finnair, British Airways
Etihad Airways,
Aer Lingus, Cathay Pacific
Aer Lingus, Cathay Pacific
Aer Lingus, Hainan Airlines
Qantas Airways,
Aer Lingus, Cathay Pacific
Aer Lingus, Malaysia Airlines
Aer Lingus, Cathay Pacific
Aer Lingus, China Eastern
Emirates,
Qantas Airways,
Austrian Airlines,
Aer Lingus, China Eastern
Aer Lingus, Cathay Pacific
Aer Lingus, Cathay Pacific
Emirates, Qantas Airways
Qantas Airways,
Finnair, British Airways
Emirates, Qantas Airways
Multiple Airlines,
KLM,
Finnair,
Finnair,
Emirates,
Finnair,
Finnair,
Finnair, Qantas Airways
Qantas Airways,
Qantas Airways,
Turkish Airlines,
Multiple Airlines,
Qatar Airways,
Qantas Airways,
Multiple Airlines,
Qantas Airways,
Emirates, Qantas Airways
Air France,
Emirates, Qantas Airways
Air France,
Finnair,
Qantas Airways,
Multiple Airlines,
Finnair,
Finnair,
Qantas Airways,
KLM,
KLM,
KLM,
KLM,
KLM,
KLM,
KLM,
KLM,
British Airways,
Emirates, Qantas Airways
Multiple Airlines,
Qantas Airways,
Qantas Airways,
Emirates, Qantas Airways
Turkish Airlines,
Multiple Airlines,
Aer Lingus, Qantas Airways
British Airways,
Multiple Airlines,
British Airways,
British Airways,
Etihad Airways,
Aer Lingus, Qantas Airways
Multiple Airlines,
Etihad Airways,
Qatar Airways,
Turkish Airlines, Jetstar
British Airways, China Eastern
Qantas Airways,
Emirates, Qantas Airways
British Airways, Malaysia Airlines
Qantas Airways,
Air France,
Turkish Airlines,
British Airways, China Eastern
Emirates, Qantas Airways
Air France,
Finnair,
British Airways,
Qantas Airways,
SWISS,
Finnair,
Qatar Airways,
Aer Lingus, China Eastern
Multiple Airlines,
Turkish Airlines, VietJet Air
Aer Lingus, China Eastern
Singapore Airlines,
Aer Lingus, Singapore Airlines
Emirates,
Qatar Airways,
Singapore Airlines,
Aer Lingus, XiamenAir
Aer Lingus, Malaysia Airlines
Aer Lingus, China Eastern
Emirates,
Aer Lingus, Singapore Airlines
British Airways, China Eastern
Aer Lingus, China Eastern
Qatar Airways,
SWISS,
Turkish Airlines,
Qantas Airways,
Emirates, Qantas Airways
Qantas Airways,
Emirates, Qantas Airways
Air France,
Finnair,
Air France,
KLM,
Aer Lingus, Qantas Airways
Multiple Airlines,
Finnair,
KLM,
Lufthansa,
Finnair,
Air France,
Emirates, Qantas Airways
Air France,
Qantas Airways,
Qantas Airways,
Emirates, Qantas Airways
Air France,
British Airways,
Multiple Airlines,
Multiple Airlines,
KLM,
KLM,
British Airways,
British Airways,
British Airways,
British Airways,
Qatar Airways,
Hainan Airlines, China Eastern
Aer Lingus, China Eastern
Aer Lingus, Cathay Pacific
Emirates,
Aer Lingus, Air China
Emirates,
Aer Lingus, China Eastern
Aer Lingus, Cathay Pacific
Emirates, Qantas Airways
Aer Lingus, Cathay Pacific
Aer Lingus, Cathay Pacific
Qantas Airways,
Qatar Airways,
Aer Lingus, Malaysia Airlines
Qatar Airways,
Turkish Airlines, Jetstar
Multiple Airlines,
Qantas Airways,
British Airways,
Multiple Airlines,
Emirates, Qantas Airways
Qantas Airways,
Transavia France, T'way Air
Emirates, Qantas Airways
SWISS,
Turkish Airlines,
British Airways,
Qantas Airways,
Lufthansa, Cathay Pacific
Turkish Airlines,
British Airways,
Turkish Airlines,
SWISS,
SWISS, Sichuan Airlines
Air France,
Qantas Airways,
Air France,
Emirates, Qantas Airways
SWISS, Qantas Airways
Emirates, Qantas Airways
Qantas Airways,
Turkish Airlines,
SWISS,
British Airways, Malaysia Airlines
British Airways,
Air France,
Lufthansa, Cathay Pacific
British Airways,
Qatar Airways,
Lufthansa,
Multiple Airlines,
Air France,
Turkish Airlines,
Multiple Airlines,
Qantas Airways,
Emirates, Qantas Airways
Air France,
Qantas Airways,
Emirates, Qantas Airways
Multiple Airlines,
Aer Lingus, Qantas Airways
British Airways,
Finnair,
British Airways,
Etihad Airways,
Aer Lingus, XiamenAir
Aer Lingus, XiamenAir
Etihad Airways,
Aer Lingus, Malaysia Airlines
Aer Lingus, XiamenAir
Air France,
Singapore Airlines,
Aer Lingus, China Southern
Aer Lingus, China Eastern
KLM, XiamenAir
Aer Lingus, Singapore Airlines
Aer Lingus, China Eastern
Air France,
Aer Lingus, Cathay Pacific
Emirates,
Aer Lingus, China Eastern
Qatar Airways,
Aer Lingus, Malaysia Airlines
Aer Lingus, China Southern
Aer Lingus, China Eastern
Aer Lingus, China Eastern
Singapore Airlines,
Air France,
Aer Lingus, Singapore Airlines
Emirates,
Air France,
British Airways, China Eastern
Aer Lingus, Cathay Pacific
Aer Lingus, Malaysia Airlines
Air France,
Qantas Airways,
Aer Lingus, Malaysia Airlines
SWISS,
KLM,
KLM,
Air France,
KLM,
Air France,
KLM,
KLM,
Qatar Airways,
Air France,
SWISS, T'way Air
Air France,
SWISS,
Qantas Airways,
Turkish Airlines,
SWISS, Qantas Airways
Qantas Airways,
SWISS, Qantas Airways
Emirates, Qantas Airways
Emirates, Qantas Airways
Air France,
British Airways,
SWISS,
Air France,
Qatar Airways,
Multiple Airlines,
Multiple Airlines,
Air France,
Turkish Airlines, Jetstar
Air France,
Qantas Airways,
Transavia France, T'way Air
Emirates, Qantas Airways
Turkish Airlines,
Qantas Airways,
Emirates, Qantas Airways
Air France,
Turkish Airlines,
British Airways,
KLM,
SWISS,
Qatar Airways,
Air France,
Multiple Airlines,
Air France,
SWISS,
Qantas Airways,
Emirates, Qantas Airways
Air France,
Lufthansa,
Emirates, Qantas Airways
Qantas Airways,
SWISS, Qantas Airways
Air France,
British Airways, Malaysia Airlines
SWISS,
SWISS,
Air France,
Air France,
Qantas Airways,
Emirates, Qantas Airways
Multiple Airlines,
Qantas Airways,
Emirates, Qantas Airways
Aer Lingus, Qantas Airways
Multiple Airlines,
Turkish Airlines,
Finnair,
British Airways,
Finnair,
Etihad Airways,
SWISS,
Air France,
Qantas Airways,
Qantas Airways,
British Airways,
British Airways,
KLM,
KLM,
KLM,
KLM,
British Airways,
SWISS,
British Airways,
British Airways,
Qatar Airways,
SWISS,
Air France,
Air France,
Lufthansa,
Qantas Airways,
Emirates, Qantas Airways
Multiple Airlines,
Qantas Airways,
Emirates, Qantas Airways
Finnair,
British Airways,
Multiple Airlines,
Aer Lingus, Qantas Airways
Finnair,
Finnair,
Qatar Airways,
Air France,
SWISS, Sichuan Airlines
Air France,
Qantas Airways,
SWISS,
Emirates, Qantas Airways
Turkish Airlines,
SWISS,
Multiple Airlines,
British Airways,
Finnair,
Air France,
KLM,
Qantas Airways,
Emirates, Qantas Airways
British Airways,
Aer Lingus, XiamenAir
Aer Lingus, XiamenAir
Aer Lingus, Malaysia Airlines
KLM, XiamenAir
Air France,
Air France,
Aer Lingus, Air China
British Airways, Cathay Pacific
Aer Lingus, Cathay Pacific
Hainan Airlines, China Southern
Emirates,
Qantas Airways,
Emirates,
Aer Lingus, Cathay Pacific
Aer Lingus, Cathay Pacific
Qatar Airways,
Air France,
Multiple Airlines,
Turkish Airlines, Jetstar
Multiple Airlines,
Air France,
Transavia France, T'way Air
Qantas Airways,
Emirates, Qantas Airways
Lufthansa,
Air France,
Qantas Airways,
Emirates, Qantas Airways
KLM,
Turkish Airlines,
Air France,
KLM,
Qatar Airways,
Air France,
Multiple Airlines,
Air France,
SWISS,
SWISS, Qantas Airways
Qantas Airways,
Emirates, Qantas Airways
Multiple Airlines,
Qantas Airways,
Emirates, Qantas Airways
Turkish Airlines,
KLM,
SWISS,
KLM,
KLM,
British Airways,
Qatar Airways,
Air France,
Multiple Airlines,
Air France,
SWISS,
Air France, Qantas Airways
Lufthansa,
SWISS, Qantas Airways
KLM,
Multiple Airlines,
KLM,
KLM,
KLM,
Qantas Airways,
Emirates, Qantas Airways
Qantas Airways,
Emirates, Qantas Airways
Qatar Airways,
SWISS,
Air France,
Qantas Airways,
Emirates, Qantas Airways
Lufthansa,
Qantas Airways,
Emirates, Qantas Airways
Multiple Airlines,
KLM,
KLM,
Air France,
KLM,
KLM,
Air France,
Aer Lingus, Qantas Airways
Multiple Airlines,
Qatar Airways,
SWISS,
Turkish Airlines,
Qantas Airways,
Emirates, Qantas Airways
Qantas Airways,
Emirates, Qantas Airways
KLM,
KLM,
Finnair,
Finnair,
Air France,
KLM,
KLM,
Finnair,
KLM,
KLM,
Qatar Airways,
Qantas Airways,
Transavia France, XiamenAir
KLM,
Emirates, Qantas Airways
KLM,
KLM,
Turkish Airlines,
KLM,
Turkish Airlines,
Finnair,
Qantas Airways,
Emirates, Qantas Airways
KLM,
Turkish Airlines,
Finnair,
KLM,
Qatar Airways,
KLM, XiamenAir
SWISS, Qantas Airways
KLM,
KLM,
KLM,
KLM,
Turkish Airlines,
SWISS,
Qantas Airways,
Emirates, Qantas Airways
KLM,
KLM,
KLM,
KLM,
SWISS,
Qatar Airways,
Multiple Airlines,
Multiple Airlines,
Air France,
Air France,
Qantas Airways,
Transavia France, T'way Air
SWISS,
Emirates, Qantas Airways
Multiple Airlines,
Air France,
Multiple Airlines,
Air France,
Lufthansa,
Turkish Airlines,
SWISS,
SWISS, Qantas Airways
Air France,
Aer Lingus, Scoot
Multiple Airlines,
XiamenAir,
Aer Lingus, Cathay Pacific
Aer Lingus, Cathay Pacific
Turkish Airlines, AirAsia X
Emirates,
Air France,
Qantas Airways,
SWISS, Scoot
Emirates, Qantas Airways
Aer Lingus, Cathay Pacific
Air France,
Qatar Airways, XiamenAir
Air France,
Aer Lingus, Malaysia Airlines
Qatar Airways,
Qantas Airways,
SWISS, T'way Air
Emirates, Qantas Airways
KLM,
Air France,
Finnair,
KLM,
KLM,
KLM,
Etihad Airways,
Air France,
Finnair,
Etihad Airways, Virgin Australia
Etihad Airways,
Multiple Airlines,
Aer Lingus, Qantas Airways
KLM,
Aer Lingus, China Eastern
KLM,
Qantas Airways,
Emirates, Qantas Airways
Air France,
KLM,
SWISS,
KLM,
Air France,
KLM,
Lufthansa,
SWISS,
Lufthansa,
Turkish Airlines,
KLM,
KLM,
Multiple Airlines,
Aer Lingus, China Eastern
Lufthansa, Scoot
Emirates,
Turkish Airlines,
Qantas Airways,
Aer Lingus, Air India
Lufthansa, China Eastern
Multiple Airlines,
KLM,
Turkish Airlines,
Multiple Airlines,
KLM,
Emirates, Qantas Airways
KLM,
Qatar Airways,
Multiple Airlines,
Turkish Airlines,
Qantas Airways,
Emirates, Qantas Airways
Turkish Airlines,
Multiple Airlines,
Multiple Airlines,
Multiple Airlines,
Turkish Airlines,
Qantas Airways,
Etihad Airways,
Multiple Airlines,
Turkish Airlines,
Emirates, Qantas Airways
Turkish Airlines,
Qatar Airways,
Multiple Airlines,
Multiple Airlines,
KLM, T'way Air
Qantas Airways,
KLM, Jetstar
Multiple Airlines,
Multiple Airlines,
Emirates, Qantas Airways
Qantas Airways,
Qatar Airways,
KLM, Air India
Qantas Airways,
Emirates, Qantas Airways
Qatar Airways,
Aer Lingus, Etihad Airways
Finnair,
Qantas Airways,
Qatar Airways,
Qantas Airways,
SWISS,
Lufthansa,
Qatar Airways,
Qatar Airways,
SWISS,
Lufthansa,
SWISS,
Air France,
Qantas Airways,
Lufthansa,
Turkish Airlines,
Qatar Airways,
Qatar Airways,
Multiple Airlines,
Multiple Airlines,
XiamenAir,
Multiple Airlines,
Multiple Airlines,
Multiple Airlines,
Aer Lingus, Emirates
Multiple Airlines,
Multiple Airlines,
Multiple Airlines,
Turkish Airlines, VietJet Air
Multiple Airlines,
Emirates,
Qantas Airways,
Emirates, Qantas Airways
Etihad Airways,
Qatar Airways,
Qantas Airways,
Turkish Airlines,
Qatar Airways,
Emirates, Qantas Airways
Qantas Airways,
Emirates, Qantas Airways
Qantas Airways,
Qantas Airways,
Emirates, Qantas Airways
Emirates, Qantas Airways
Etihad Airways,
Qantas Airways,
Turkish Airlines,
Qatar Airways,
Multiple Airlines,
Aer Lingus, Qantas Airways
XiamenAir,
Etihad Airways,
Aer Lingus, Emirates
Aer Lingus, Emirates
Aer Lingus, China Eastern
Multiple Airlines,
Aer Lingus, Emirates
Emirates,
Qatar Airways,
Qantas Airways,
Aer Lingus, Asiana Airlines
Aer Lingus, China Airlines
Emirates, Qantas Airways
Etihad Airways,
Aer Lingus, Thai Airways
Qatar Airways,
Aer Lingus, Air India
KLM, Air India
Aer Lingus, Emirates
Aer Lingus, Air India
Qatar Airways,
KLM, T'way Air
Lufthansa, China Eastern
Etihad Airways, Juneyao Airlines
Emirates,
Qantas Airways,
Lufthansa, Air India
Turkish Airlines, Batik Air
Aer Lingus, SriLankan Airlines
Emirates, Qantas Airways
Scandinavian Airlines, Air India
Qatar Airways,
British Airways, China Airlines
SWISS, Sichuan Airlines
Qantas Airways,
Emirates, Qantas Airways
Turkish Airlines,
British Airways, China Airlines
Turkish Airlines,
Qantas Airways,
British Airways, China Airlines
Turkish Airlines,
British Airways, China Airlines
Emirates, Qantas Airways
Qantas Airways, Emirates
Etihad Airways,
KLM,
Emirates,
Etihad Airways,
British Airways, Qantas Airways
Aer Lingus, Qantas Airways
British Airways,
British Airways,
Aer Lingus, Qantas Airways
Emirates,
British Airways,
Etihad Airways,
British Airways,
British Airways,
SWISS,
Etihad Airways,
British Airways,
Qantas Airways,
Turkish Airlines,
Qantas Airways,
Qatar Airways,
Qatar Airways,
Aer Lingus, Qantas Airways
Etihad Airways,
Etihad Airways,
KLM,
Aer Lingus, Qantas Airways
Etihad Airways,
Qatar Airways,
Etihad Airways,
Qatar Airways,
SWISS,
British Airways, China Airlines
Emirates, Jetstar
Aer Lingus, China Airlines
Emirates,
Emirates, Vietnam Airlines
Aer Lingus, China Airlines
British Airways,
Qantas Airways,
Aer Lingus, China Airlines
British Airways, China Airlines
Scandinavian Airlines, Air India
Etihad Airways,
Emirates, Qantas Airways
Aer Lingus, Qantas Airways
Multiple Airlines,
Aer Lingus, China Airlines
Aer Lingus, Emirates
Aer Lingus, Emirates
Emirates,
Multiple Airlines,
Aer Lingus, Air India
Qantas Airways,
Qatar Airways,
Aer Lingus, China Eastern
Aer Lingus, China Southern
British Airways, China Eastern
Emirates, Qantas Airways
Emirates,
Emirates, Qantas Airways
Aer Lingus, Qantas Airways
Qantas Airways,
Aer Lingus, China Eastern
Emirates,
Emirates, Vietnam Airlines
Japan Airlines,
Japan Airlines,
Japan Airlines,
Japan Airlines,
Japan Airlines,
Turkish Airlines,
Multiple Airlines,
Aer Lingus, Qantas Airways
Emirates, Qantas Airways
Qantas Airways,
Etihad Airways,
Aer Lingus, Qantas Airways
Qantas Airways,
Multiple Airlines,
Emirates, Qantas Airways
Etihad Airways,
Emirates, Qantas Airways
Qantas Airways,
Finnair,
Etihad Airways,
Finnair,
Air France,
KLM,
KLM,
KLM,
KLM,
KLM,
KLM,
Qatar Airways,
KLM, China Eastern
SWISS, China Eastern
KLM, Air India
Emirates, Qantas Airways
Qantas Airways,
Emirates, Qantas Airways
Etihad Airways,
Qantas Airways,
Turkish Airlines,
British Airways,
Emirates, Qantas Airways
Qantas Airways,
Etihad Airways,
Etihad Airways,
Turkish Airlines,
Etihad Airways,
Qatar Airways,
British Airways,
SWISS, Air China
Qantas Airways,
Turkish Airlines,
Emirates, Qantas Airways
Qantas Airways,
Emirates, Qantas Airways
Qatar Airways,
Turkish Airlines,
Qantas Airways,
Emirates, Qantas Airways
Finnair,
British Airways,
Etihad Airways,
Turkish Airlines,
SWISS,
Qantas Airways,
Finnair,
Qantas Airways,
British Airways,
British Airways,
British Airways,
British Airways,
SWISS,
Turkish Airlines,
British Airways,
Lufthansa,
Qatar Airways,
Air France,
SWISS,
KLM,
British Airways,
Qatar Airways,
Emirates,
Multiple Airlines,
Aer Lingus, KLM
Hainan Airlines, Juneyao Airlines
Qantas Airways,
Hainan Airlines, Juneyao Airlines
Aer Lingus, KLM
Aer Lingus, Cathay Pacific
Emirates, Qantas Airways
Hainan Airlines, Juneyao Airlines
Emirates,
Multiple Airlines,
Multiple Airlines,
Qantas Airways,
Emirates, Qantas Airways
Qantas Airways,
Etihad Airways,
Emirates, Qantas Airways
Qantas Airways,
Emirates, Qantas Airways
Etihad Airways,
Etihad Airways,
Etihad Airways,
Etihad Airways,
Etihad Airways,
Qantas Airways,
Aer Lingus, Qantas Airways
Multiple Airlines,
Multiple Airlines,
Aer Lingus, Qantas Airways
Air France,
Qatar Airways,
Etihad Airways,
Finnair,
Emirates, Qantas Airways
Qantas Airways,
Finnair,
Finnair,
Emirates, Qantas Airways
Qantas Airways,
Turkish Airlines,
Emirates, Qantas Airways
Qantas Airways,
Turkish Airlines,
Aer Lingus, Qantas Airways
Turkish Airlines,
Finnair,
Qantas Airways,
Turkish Airlines,
Emirates, Qantas Airways
Qantas Airways,
Emirates, Qantas Airways
Finnair, Qantas Airways
Aer Lingus, Qantas Airways
Multiple Airlines,
Multiple Airlines,
British Airways,
KLM,
Turkish Airlines,
KLM,
Finnair,
Finnair, Cathay Pacific
Turkish Airlines,
Qatar Airways,
Aer Lingus, Qantas Airways
Finnair,
Qantas Airways,
Multiple Airlines,
Emirates, Qantas Airways
Qantas Airways,
Emirates, Qantas Airways
Multiple Airlines,
Qantas Airways,
Emirates, Qantas Airways
KLM,
KLM,
KLM,
KLM,
KLM,
Qantas Airways,
Finnair,
Qantas Airways,
Finnair,
Emirates, Qantas Airways
Qantas Airways,
Emirates, Qantas Airways
Etihad Airways,
Qantas Airways,
Emirates, Qantas Airways
Air France,
Emirates,
Air France,
Finnair,
British Airways,
Etihad Airways,
KLM,
KLM,
KLM,
Turkish Airlines,
KLM,
KLM,
Qantas Airways,
Emirates, Qantas Airways
KLM,
Etihad Airways,
Emirates, Qantas Airways
Qantas Airways,
Finnair,
Air France,
Etihad Airways,
Turkish Airlines,
Air France,
Multiple Airlines,
Finnair,
Finnair,
Emirates, Qantas Airways
Qantas Airways,
Etihad Airways,
Turkish Airlines,
Etihad Airways,
Qantas Airways,
Emirates, Qantas Airways
Etihad Airways,
Air France,
Finnair, Cathay Pacific
Turkish Airlines,
KLM,
XiamenAir,
XiamenAir,
Multiple Airlines,
Turkish Airlines, AirAsia X
China Eastern,
Etihad Airways,
Aer Lingus, Cathay Pacific
Turkish Airlines,
KLM,
British Airways, Malaysia Airlines
KLM,
British Airways, Malaysia Airlines
Aer Lingus, China Eastern
Scandinavian Airlines, Air India
KLM, China Eastern
Aer Lingus, China Eastern
Aer Lingus, Cathay Pacific
Qatar Airways,
Turkish Airlines,
Lufthansa, Hainan Airlines
British Airways, Malaysia Airlines
Qantas Airways,
Turkish Airlines,
Emirates, Qantas Airways
Turkish Airlines,
British Airways, Malaysia Airlines
British Airways, Malaysia Airlines
British Airways, Malaysia Airlines
Finnair, Juneyao Airlines
Finnair,
Qantas Airways,
Finnair,
Emirates, Qantas Airways
KLM,
Turkish Airlines,
KLM,
Emirates, Qantas Airways
Qantas Airways,
Turkish Airlines,
Turkish Airlines,
Multiple Airlines,
Turkish Airlines,
KLM,
Turkish Airlines,
Multiple Airlines,
Air France, T'way Air
Emirates, Qantas Airways
Qantas Airways,
Emirates, Qantas Airways
Finnair, Jetstar
KLM,
Qantas Airways,
Emirates, Qantas Airways
Qantas Airways,
Emirates, Qantas Airways
Multiple Airlines,
Etihad Airways,
Etihad Airways,
Qantas Airways,
Emirates, Qantas Airways
Etihad Airways,
Etihad Airways,
Air France,
Etihad Airways,
Multiple Airlines,
Air France,
KLM,
Emirates, Qantas Airways
Qantas Airways,
KLM,
British Airways, Malaysia Airlines
Air France,
Emirates, Qantas Airways
Qantas Airways,
Air France,
KLM,
Air France,
KLM,
British Airways, Malaysia Airlines
Turkish Airlines,
Turkish Airlines, Batik Air
Turkish Airlines, AirAsia X
Multiple Airlines,
Etihad Airways,
Turkish Airlines, Batik Air
XiamenAir,
China Eastern,
KLM,
British Airways, Malaysia Airlines
British Airways, Malaysia Airlines
Emirates,
Aer Lingus, Cathay Pacific
Qantas Airways,
Emirates, Qantas Airways
Aer Lingus, Malaysia Airlines
KLM,
British Airways, Malaysia Airlines
Qatar Airways,
KLM,
Emirates, Qantas Airways
Qantas Airways,
KLM,
Turkish Airlines,
Qantas Airways,
Emirates, Qantas Airways
Finnair,
Turkish Airlines,
Qantas Airways,
Turkish Airlines,
Emirates, Qantas Airways
Etihad Airways,
Qatar Airways,
Etihad Airways,
KLM,
Turkish Airlines,
KLM,
British Airways, Malaysia Airlines
Qantas Airways,
KLM,
Qatar Airways, AirAsia X
Emirates, Qantas Airways
Qantas Airways,
Emirates, Qantas Airways
KLM,
Emirates, Qantas Airways
KLM,
Turkish Airlines,
British Airways, Malaysia Airlines
British Airways, Malaysia Airlines
Turkish Airlines,
Transavia France, Sichuan Airlines
KLM,
British Airways, Malaysia Airlines
Turkish Airlines,
Emirates, Qantas Airways
Qantas Airways,
KLM,
Emirates, Qantas Airways
Qantas Airways,
Multiple Airlines,
Turkish Airlines,
British Airways, Malaysia Airlines
Finnair, Scoot
Etihad Airways,
Multiple Airlines,
Qatar Airways,
KLM,
SWISS, China Eastern
Qantas Airways,
Turkish Airlines,
Emirates, Qantas Airways
British Airways, Malaysia Airlines
Turkish Airlines,
KLM,
Qantas Airways,
KLM,
Qantas Airways,
Emirates, Qantas Airways
British Airways,
Turkish Airlines,
British Airways, Malaysia Airlines
KLM,
Qatar Airways,
KLM,
Qantas Airways,
KLM,
KLM,
Emirates, Qantas Airways
Qantas Airways,
Emirates, Qantas Airways
KLM,
British Airways, Malaysia Airlines
KLM,
KLM,
Qantas Airways,
Emirates, Qantas Airways
KLM,
Etihad Airways,
Air France,
KLM,
Air France,
KLM,
Qantas Airways,
Emirates, Qantas Airways
Air France,
KLM,
Qantas Airways,
Emirates, Qantas Airways
British Airways, Malaysia Airlines
KLM,
Air France,
Multiple Airlines,
Air France,
KLM,
Turkish Airlines,
Qantas Airways,
Emirates, Qantas Airways
Qantas Airways,
Emirates, Qantas Airways
British Airways,
Etihad Airways,
Qatar Airways,
Qatar Airways,
Etihad Airways,
British Airways,
British Airways,
Qatar Airways,
Etihad Airways,
Qantas Airways,
Turkish Airlines,
Finnair,
Etihad Airways,
Turkish Airlines,
Etihad Airways,
Finnair,
Finnair,
Finnair,
Qatar Airways,
KLM,
Air France,
Qantas Airways,
Air France,
Emirates, Qantas Airways
Turkish Airlines,
Turkish Airlines,
Qantas Airways,
Emirates, Qantas Airways
Turkish Airlines,
KLM,
Turkish Airlines,
Air France,
Emirates, Qantas Airways
KLM,
Qatar Airways,
KLM,
Qantas Airways,
Emirates, Qantas Airways
Etihad Airways,
Etihad Airways,
Qantas Airways,
Emirates, Qantas Airways
Etihad Airways,
KLM,
Etihad Airways,
Etihad Airways,
Etihad Airways,
Multiple Airlines,
Aer Lingus, Qantas Airways
Multiple Airlines,
Turkish Airlines,
KLM,
Emirates, Qantas Airways
Qantas Airways,
KLM,
Turkish Airlines,
Turkish Airlines,
Qantas Airways,
Emirates, Qantas Airways
Turkish Airlines,
KLM,
British Airways, Malaysia Airlines
KLM,
KLM,
Turkish Airlines,
KLM,
Qantas Airways,
Multiple Airlines,
KLM,
KLM,
KLM,
Etihad Airways,
Qantas Airways,
KLM,
KLM,
Etihad Airways,
Qantas Airways,
KLM,
British Airways,
Etihad Airways,
KLM,
Qatar Airways,
Turkish Airlines,
Multiple Airlines,
Turkish Airlines,
KLM,
Emirates, Qantas Airways
Qantas Airways,
Air France,
Turkish Airlines,
KLM,
British Airways, Malaysia Airlines
KLM,
Qantas Airways,
Emirates, Qantas Airways
Qantas Airways,
Air France,
KLM,
Qatar Airways,
KLM,
KLM,
Qantas Airways,
Emirates, Qantas Airways
KLM,
Air France,
British Airways,
KLM,
Turkish Airlines,
KLM,
KLM,
KLM,
Emirates, Qantas Airways
Qantas Airways,
KLM,
KLM,
Turkish Airlines,
Qantas Airways,
Emirates, Qantas Airways
KLM,
KLM,
Etihad Airways,
Etihad Airways,
Multiple Airlines,
Aer Lingus, Qantas Airways
Multiple Airlines,
Aer Lingus, Qantas Airways
British Airways,
Qatar Airways,
Qatar Airways,
Qatar Airways,
KLM,
Turkish Airlines,
KLM,
Qantas Airways,
Emirates, Qantas Airways
KLM,
KLM,
Qantas Airways,
Emirates, Qantas Airways
Turkish Airlines,
KLM,
Etihad Airways,
Etihad Airways,
Etihad Airways,
Etihad Airways,
Qatar Airways,
KLM,
Qantas Airways,
Air France,
KLM,
Emirates, Qantas Airways
Air France,
Qantas Airways,
Emirates, Qantas Airways
Qantas Airways,
Turkish Airlines,
KLM,
Air France,
Turkish Airlines,
KLM,
KLM,
